"ID","X","Y","Elevation","Distance (Segment)","Distance (Total)","Distance 3D (Segment)","Distance 3D (Total)","Slope (Degrees)","Slope (Percent)","Segment Index"
1,110.1909855291,-7.9668255793,7.144,0,0,0,0,-,-,1
2,110.1913875556,-7.9661613790,5.999,85.794,85.794,85.802,85.802,0.8,1.3%,1
3,110.1917895808,-7.9654971782,8.372,85.794,171.59,85.827,171.63,1.6,2.8%,1
4,110.1921916046,-7.9648329771,7.134,85.794,257.38,85.803,257.43,0.8,1.4%,1
5,110.1925936272,-7.9641687755,6.015,85.794,343.18,85.802,343.23,0.7,1.3%,1
6,110.1929956485,-7.9635045735,4.401,85.794,428.97,85.81,429.04,1.1,1.9%,1
7,110.1933976685,-7.9628403711,4.232,85.794,514.77,85.795,514.84,0.1,0.2%,1
8,110.1937996872,-7.9621761683,3.834,85.794,600.56,85.795,600.63,0.3,0.5%,1
9,110.1942017045,-7.9615119651,3.543,85.794,686.35,85.795,686.43,0.2,0.3%,1
10,110.1946037206,-7.9608477615,3.97,85.794,772.15,85.795,772.22,0.3,0.5%,1
11,110.1950057354,-7.9601835575,6.034,85.794,857.94,85.819,858.04,1.4,2.4%,1
12,110.1954077490,-7.9595193531,7.151,85.794,943.74,85.802,943.84,0.7,1.3%,1
13,110.1958097612,-7.9588551482,6.916,85.794,1029.5,85.795,1029.6,0.2,0.3%,1
14,110.1962117721,-7.9581909430,6.539,85.794,1115.3,85.795,1115.4,0.3,0.4%,1
15,110.1966137817,-7.9575267373,4.537,85.794,1201.1,85.818,1201.3,1.3,2.3%,1
16,110.1970157900,-7.9568625312,3.657,85.794,1286.9,85.799,1287.1,0.6,1.0%,1
17,110.1974177971,-7.9561983247,3,85.794,1372.7,85.797,1372.8,0.4,0.8%,1
18,110.1978198028,-7.9555341178,2.988,85.794,1458.5,85.794,1458.6,0.0,0.0%,1
19,110.1982218073,-7.9548699105,1.72,85.794,1544.3,85.804,1544.4,0.8,1.5%,1
20,110.1986238104,-7.9542057028,1.918,85.794,1630.1,85.795,1630.2,0.1,0.2%,1
21,110.1990258123,-7.9535414947,4.261,85.794,1715.9,85.826,1716.1,1.6,2.7%,1
22,110.1994278128,-7.9528772861,5.603,85.794,1801.7,85.805,1801.9,0.9,1.6%,1
23,110.1998298121,-7.9522130772,10.046,85.794,1887.5,85.909,1887.8,3.0,5.2%,1
24,110.2002318101,-7.9515488678,11.835,85.794,1973.3,85.813,1973.6,1.2,2.1%,1
25,110.2006338068,-7.9508846580,12.718,85.794,2059.1,85.799,2059.4,0.6,1.0%,1
26,110.2010358022,-7.9502204478,13.121,85.794,2144.9,85.795,2145.2,0.3,0.5%,1
27,110.2014377963,-7.9495562372,14.934,85.794,2230.7,85.814,2231,1.2,2.1%,1
28,110.2018397891,-7.9488920262,16.373,85.794,2316.4,85.806,2316.8,1.0,1.7%,1
29,110.2022417806,-7.9482278148,16.126,85.794,2402.2,85.795,2402.6,0.2,0.3%,1
30,110.2026437708,-7.9475636030,14.779,85.794,2488,85.805,2488.4,0.9,1.6%,1
31,110.2030457598,-7.9468993908,13.035,85.794,2573.8,85.812,2574.2,1.2,2.0%,1
32,110.2034477474,-7.9462351781,13.369,85.794,2659.6,85.795,2660,0.2,0.4%,1
33,110.2038497337,-7.9455709651,12.236,85.794,2745.4,85.802,2745.8,0.8,1.3%,1
34,110.2042517188,-7.9449067516,14.793,85.794,2831.2,85.832,2831.6,1.7,3.0%,1
35,110.2046537025,-7.9442425377,17.3,85.794,2917,85.831,2917.5,1.7,2.9%,1
36,110.2050556850,-7.9435783235,14.785,85.794,3002.8,85.831,3003.3,1.7,2.9%,1
37,110.2054576662,-7.9429141088,7.878,85.794,3088.6,86.072,3089.4,4.6,8.1%,1
38,110.2058596461,-7.9422498937,7.194,85.794,3174.4,85.797,3175.2,0.5,0.8%,1
39,110.2062616247,-7.9415856782,6.217,85.794,3260.2,85.8,3261,0.7,1.1%,1
40,110.2066636020,-7.9409214622,7.314,85.794,3346,85.801,3346.8,0.7,1.3%,1
41,110.2070655780,-7.9402572459,8.074,85.794,3431.8,85.798,3432.6,0.5,0.9%,1
42,110.2074675527,-7.9395930292,7.597,85.794,3517.6,85.796,3518.4,0.3,0.6%,1
43,110.2078695261,-7.9389288120,10.187,85.794,3603.4,85.833,3604.2,1.7,3.0%,1
44,110.2082714982,-7.9382645945,8.005,85.794,3689.2,85.822,3690,1.5,2.5%,1
45,110.2086734691,-7.9376003765,7.863,85.794,3775,85.794,3775.8,0.1,0.2%,1
46,110.2090754386,-7.9369361581,9.089,85.794,3860.7,85.803,3861.6,0.8,1.4%,1
47,110.2094774069,-7.9362719393,10.931,85.794,3946.5,85.814,3947.4,1.2,2.1%,1
48,110.2098793739,-7.9356077201,12.706,85.794,4032.3,85.813,4033.3,1.2,2.1%,1
49,110.2102813396,-7.9349435005,13.389,85.794,4118.1,85.797,4119.1,0.5,0.8%,1
50,110.2106833039,-7.9342792805,11.948,85.794,4203.9,85.806,4204.9,1.0,1.7%,1
51,110.2110852670,-7.9336150601,13.987,85.794,4289.7,85.819,4290.7,1.4,2.4%,1
52,110.2114872289,-7.9329508393,14.952,85.794,4375.5,85.8,4376.5,0.6,1.1%,1
53,110.2118891894,-7.9322866180,17.186,85.794,4461.3,85.823,4462.3,1.5,2.6%,1
54,110.2122911486,-7.9316223964,11.841,85.794,4547.1,85.961,4548.3,3.6,6.2%,1
55,110.2126931065,-7.9309581743,9.527,85.794,4632.9,85.826,4634.1,1.5,2.7%,1
56,110.2130950632,-7.9302939518,9.142,85.794,4718.7,85.795,4719.9,0.3,0.4%,1
57,110.2134970186,-7.9296297290,11.667,85.794,4804.5,85.831,4805.7,1.7,2.9%,1
58,110.2138989726,-7.9289655057,10.964,85.794,4890.3,85.797,4891.5,0.5,0.8%,1
59,110.2143009254,-7.9283012820,11.54,85.794,4976.1,85.796,4977.3,0.4,0.7%,1
60,110.2147028769,-7.9276370579,22.402,85.794,5061.9,86.479,5063.8,7.2,12.7%,1
61,110.2151048271,-7.9269728334,23.441,85.794,5147.7,85.801,5149.6,0.7,1.2%,1
62,110.2155067760,-7.9263086084,24.02,85.794,5233.5,85.796,5235.4,0.4,0.7%,1
63,110.2159087236,-7.9256443831,22.913,85.794,5319.2,85.801,5321.2,0.7,1.3%,1
64,110.2163106700,-7.9249801574,27.56,85.794,5405,85.92,5407.1,3.1,5.4%,1
65,110.2167126150,-7.9243159312,33.002,85.794,5490.8,85.967,5493.1,3.6,6.3%,1
66,110.2171145588,-7.9236517046,35.54,85.794,5576.6,85.832,5578.9,1.7,3.0%,1
67,110.2175165012,-7.9229874777,37.469,85.794,5662.4,85.816,5664.7,1.3,2.2%,1
68,110.2179184424,-7.9223232503,35.611,85.794,5748.2,85.814,5750.5,1.2,2.2%,1
69,110.2183203823,-7.9216590225,34.387,85.794,5834,85.803,5836.3,0.8,1.4%,1
70,110.2187223209,-7.9209947943,41.02,85.794,5919.8,86.05,5922.4,4.4,7.7%,1
71,110.2191242582,-7.9203305657,51.141,85.794,6005.6,86.389,6008.8,6.7,11.8%,1
72,110.2195261943,-7.9196663367,58.211,85.794,6091.4,86.085,6094.9,4.7,8.2%,1
73,110.2199281290,-7.9190021073,62.197,85.794,6177.2,85.887,6180.7,2.7,4.6%,1
74,110.2203300625,-7.9183378775,60.013,85.794,6263,85.822,6266.6,1.5,2.5%,1
75,110.2207319946,-7.9176736472,61.75,85.794,6348.8,85.812,6352.4,1.2,2.0%,1
76,110.2211339255,-7.9170094166,67.785,85.794,6434.6,86.006,6438.4,4.0,7.0%,1
77,110.2215358551,-7.9163451855,72.603,85.794,6520.4,85.93,6524.3,3.2,5.6%,1
78,110.2219377834,-7.9156809541,73.441,85.794,6606.2,85.798,6610.1,0.6,1.0%,1
79,110.2223397104,-7.9150167222,72.543,85.794,6692,85.799,6695.9,0.6,1.0%,1
80,110.2227416361,-7.9143524899,72.173,85.794,6777.8,85.795,6781.7,0.2,0.4%,1
81,110.2231435606,-7.9136882573,70.089,85.794,6863.5,85.82,6867.5,1.4,2.4%,1
82,110.2235454837,-7.9130240242,71.118,85.794,6949.3,85.801,6953.3,0.7,1.2%,1
83,110.2239474056,-7.9123597907,70.768,85.794,7035.1,85.795,7039.1,0.2,0.4%,1
84,110.2243493262,-7.9116955568,65.159,85.794,7120.9,85.978,7125.1,3.7,6.5%,1
85,110.2247512455,-7.9110313224,61.426,85.794,7206.7,85.876,7211,2.5,4.4%,1
86,110.2251531635,-7.9103670877,63.138,85.794,7292.5,85.811,7296.8,1.1,2.0%,1
87,110.2255550802,-7.9097028526,71.931,85.794,7378.3,86.244,7383,5.9,10.2%,1
88,110.2259569956,-7.9090386170,67.299,85.794,7464.1,85.919,7469,3.1,5.4%,1
89,110.2263589098,-7.9083743811,59.963,85.794,7549.9,86.107,7555.1,4.9,8.6%,1
90,110.2267608226,-7.9077101447,62.517,85.794,7635.7,85.832,7640.9,1.7,3.0%,1
91,110.2271627342,-7.9070459080,60.882,85.794,7721.5,85.81,7726.7,1.1,1.9%,1
92,110.2275646445,-7.9063816708,61.239,85.794,7807.3,85.795,7812.5,0.2,0.4%,1
93,110.2279665535,-7.9057174332,64.889,85.794,7893.1,85.872,7898.4,2.4,4.3%,1
94,110.2283684612,-7.9050531952,64.469,85.794,7978.9,85.795,7984.2,0.3,0.5%,1
95,110.2287703677,-7.9043889568,65.603,85.794,8064.7,85.802,8070,0.8,1.3%,1
96,110.2291722728,-7.9037247180,71.028,85.794,8150.5,85.966,8155.9,3.6,6.3%,1
97,110.2295741767,-7.9030604788,69.952,85.794,8236.3,85.801,8241.7,0.7,1.3%,1
98,110.2299760793,-7.9023962392,69.739,85.794,8322.1,85.795,8327.5,0.1,0.2%,1
99,110.2303779806,-7.9017319992,72.401,85.794,8407.8,85.836,8413.4,1.8,3.1%,1
100,110.2307798806,-7.9010677588,76.934,85.794,8493.6,85.914,8499.3,3.0,5.3%,1
101,110.2311817793,-7.9004035179,76.16,85.794,8579.4,85.798,8585.1,0.5,0.9%,1
102,110.2315836767,-7.8997392767,68.825,85.794,8665.2,86.107,8671.2,4.9,8.5%,1
103,110.2319855729,-7.8990750350,65.784,85.794,8751,85.848,8757,2.0,3.5%,1
104,110.2323874678,-7.8984107929,59.837,85.794,8836.8,86,8843,4.0,6.9%,1
105,110.2327893613,-7.8977465505,54.822,85.794,8922.6,85.941,8929,3.3,5.8%,1
106,110.2331912536,-7.8970823076,54.731,85.794,9008.4,85.794,9014.8,0.1,0.1%,1
107,110.2335931447,-7.8964180643,55.074,85.794,9094.2,85.795,9100.6,0.2,0.4%,1
108,110.2339950344,-7.8957538206,54.192,85.794,9180,85.799,9186.4,0.6,1.0%,1
109,110.2343969228,-7.8950895765,45.078,85.794,9265.8,86.277,9272.6,6.1,10.6%,1
110,110.2347988100,-7.8944253320,45.069,85.794,9351.6,85.794,9358.4,0.0,0.0%,1
111,110.2352006959,-7.8937610871,47.42,85.794,9437.4,85.827,9444.3,1.6,2.7%,1
112,110.2356025805,-7.8930968418,53.288,85.794,9523.2,85.995,9530.3,3.9,6.8%,1
113,110.2360044638,-7.8924325961,45.997,85.794,9609,86.104,9616.4,4.9,8.5%,1
114,110.2364063458,-7.8917683499,34.504,85.794,9694.8,86.561,9702.9,7.6,13.4%,1
115,110.2368082266,-7.8911041034,24.503,85.794,9780.6,86.375,9789.3,6.6,11.7%,1
116,110.2372101061,-7.8904398564,25.142,85.794,9866.4,85.797,9875.1,0.4,0.7%,1
117,110.2376119842,-7.8897756091,24.481,85.794,9952.1,85.797,9960.9,0.4,0.8%,1
118,110.2380138611,-7.8891113613,26.688,85.794,10037.9,85.823,10046.7,1.5,2.6%,1
119,110.2384157368,-7.8884471132,31.347,85.794,10123.7,85.921,10132.6,3.1,5.4%,1
120,110.2388176111,-7.8877828646,38.183,85.794,10209.5,86.066,10218.7,4.6,8.0%,1
121,110.2392194842,-7.8871186156,42.865,85.794,10295.3,85.922,10304.6,3.1,5.5%,1
122,110.2396213559,-7.8864543662,44.278,85.794,10381.1,85.806,10390.4,0.9,1.6%,1
123,110.2400232264,-7.8857901164,42.144,85.794,10466.9,85.821,10476.2,1.4,2.5%,1
124,110.2404250956,-7.8851258662,46.591,85.794,10552.7,85.91,10562.2,3.0,5.2%,1
125,110.2408269635,-7.8844616156,46.046,85.794,10638.5,85.796,10648,0.4,0.6%,1
126,110.2412288302,-7.8837973646,42.045,85.794,10724.3,85.888,10733.8,2.7,4.7%,1
127,110.2416306955,-7.8831331132,48.069,85.794,10810.1,86.006,10819.8,4.0,7.0%,1
128,110.2420325596,-7.8824688614,53,85.794,10895.9,85.936,10905.8,3.3,5.7%,1
129,110.2424344224,-7.8818046091,53.119,85.794,10981.7,85.794,10991.6,0.1,0.1%,1
130,110.2428362839,-7.8811403565,57.803,85.794,11067.5,85.922,11077.5,3.1,5.5%,1
131,110.2432381442,-7.8804761034,56.216,85.794,11153.3,85.809,11163.3,1.1,1.8%,1
132,110.2436400031,-7.8798118500,61.17,85.794,11239.1,85.937,11249.2,3.3,5.8%,1
133,110.2440418608,-7.8791475961,62.482,85.794,11324.9,85.804,11335,0.9,1.5%,1
134,110.2444437172,-7.8784833419,63.915,85.794,11410.6,85.806,11420.9,1.0,1.7%,1
135,110.2448455723,-7.8778190872,68.178,85.794,11496.4,85.9,11506.8,2.8,5.0%,1
136,110.2452474261,-7.8771548321,67.267,85.794,11582.2,85.799,11592.6,0.6,1.1%,1
137,110.2456492787,-7.8764905766,69.572,85.794,11668,85.825,11678.4,1.5,2.7%,1
138,110.2460511300,-7.8758263207,64.362,85.794,11753.8,85.952,11764.3,3.5,6.1%,1
139,110.2464529799,-7.8751620644,60.09,85.794,11839.6,85.901,11850.2,2.9,5.0%,1
140,110.2468548286,-7.8744978077,60.225,85.794,11925.4,85.794,11936,0.1,0.2%,1
141,110.2472566761,-7.8738335506,62.627,85.794,12011.2,85.828,12021.9,1.6,2.8%,1
142,110.2476585222,-7.8731692931,64.824,85.794,12097,85.822,12107.7,1.5,2.6%,1
143,110.2480603671,-7.8725050352,64.983,85.794,12182.8,85.794,12193.5,0.1,0.2%,1
144,110.2484622107,-7.8718407769,69.109,85.794,12268.6,85.894,12279.4,2.8,4.8%,1
145,110.2488640530,-7.8711765181,69,85.794,12354.4,85.794,12365.2,0.1,0.1%,1
146,110.2492658940,-7.8705122590,73.659,85.794,12440.2,85.921,12451.1,3.1,5.4%,1
147,110.2496677338,-7.8698479994,72.817,85.794,12526,85.798,12536.9,0.6,1.0%,1
148,110.2500695722,-7.8691837395,68.249,85.794,12611.8,85.916,12622.8,3.0,5.3%,1
149,110.2504714094,-7.8685194791,63.706,85.794,12697.6,85.915,12708.7,3.0,5.3%,1
150,110.2508732453,-7.8678552184,58.465,85.794,12783.4,85.954,12794.7,3.5,6.1%,1
151,110.2512750800,-7.8671909572,51.499,85.794,12869.2,86.077,12880.7,4.6,8.1%,1
152,110.2516769133,-7.8665266956,49.979,85.794,12954.9,85.808,12966.5,1.0,1.8%,1
153,110.2520787454,-7.8658624337,48.885,85.794,13040.7,85.801,13052.3,0.7,1.3%,1
154,110.2524805762,-7.8651981713,44.287,85.794,13126.5,85.917,13138.3,3.1,5.4%,1
155,110.2528824057,-7.8645339085,35.669,85.794,13212.3,86.226,13224.5,5.7,10.0%,1
156,110.2532842339,-7.8638696453,31.577,85.794,13298.1,85.892,13310.4,2.7,4.8%,1
157,110.2536860609,-7.8632053817,30.855,85.794,13383.9,85.797,13396.2,0.5,0.8%,1
158,110.2540878866,-7.8625411177,36.137,85.794,13469.7,85.957,13482.1,3.5,6.2%,1
159,110.2544897110,-7.8618768533,47.406,85.794,13555.5,86.531,13568.7,7.5,13.1%,1
160,110.2548915341,-7.8612125885,51.879,85.794,13641.3,85.911,13654.6,3.0,5.2%,1
161,110.2552933559,-7.8605483232,48.919,85.794,13727.1,85.845,13740.4,2.0,3.4%,1
162,110.2556951765,-7.8598840576,47.503,85.794,13812.9,85.806,13826.2,0.9,1.7%,1
163,110.2560969958,-7.8592197916,50.809,85.794,13898.7,85.858,13912.1,2.2,3.9%,1
164,110.2564988138,-7.8585555252,42.646,85.794,13984.5,86.182,13998.3,5.4,9.5%,1
165,110.2569006306,-7.8578912583,42.685,85.794,14070.3,85.794,14084.1,0.0,0.0%,1
166,110.2573024460,-7.8572269911,46.56,85.794,14156.1,85.882,14169.9,2.6,4.5%,1
167,110.2577042602,-7.8565627234,50.219,85.794,14241.9,85.872,14255.8,2.4,4.3%,1
168,110.2581060731,-7.8558984554,55.513,85.794,14327.7,85.958,14341.8,3.5,6.2%,1
169,110.2585078847,-7.8552341869,54.315,85.794,14413.5,85.803,14427.6,0.8,1.4%,1
170,110.2589096951,-7.8545699180,58.321,85.794,14499.2,85.888,14513.5,2.7,4.7%,1
171,110.2593115041,-7.8539056488,65.922,85.794,14585,86.13,14599.6,5.1,8.9%,1
172,110.2597133119,-7.8532413791,70.985,85.794,14670.8,85.944,14685.5,3.4,5.9%,1
173,110.2601151185,-7.8525771090,63.256,85.794,14756.6,86.142,14771.7,5.1,9.0%,1
174,110.2605169237,-7.8519128385,63.079,85.794,14842.4,85.795,14857.5,0.1,0.2%,1
175,110.2609187277,-7.8512485676,70.208,85.794,14928.2,86.09,14943.6,4.8,8.3%,1
176,110.2613205304,-7.8505842963,76.612,85.794,15014,86.033,15029.6,4.3,7.5%,1
177,110.2617223318,-7.8499200246,82.921,85.794,15099.8,86.026,15115.6,4.2,7.4%,1
178,110.2621241319,-7.8492557525,88.326,85.794,15185.6,85.964,15201.6,3.6,6.3%,1
179,110.2625259308,-7.8485914800,92.943,85.794,15271.4,85.918,15287.5,3.1,5.4%,1
180,110.2629277284,-7.8479272071,93.959,85.794,15357.2,85.8,15373.3,0.7,1.2%,1
181,110.2633295247,-7.8472629338,98.551,85.794,15443,85.917,15459.2,3.1,5.4%,1
182,110.2637313197,-7.8465986600,98.289,85.794,15528.8,85.795,15545,0.2,0.3%,1
183,110.2641331135,-7.8459343859,99.881,85.794,15614.6,85.809,15630.8,1.1,1.9%,1
184,110.2645349059,-7.8452701114,104.372,85.794,15700.4,85.912,15716.7,3.0,5.2%,1
185,110.2649366972,-7.8446058365,104.934,85.794,15786.2,85.796,15802.5,0.4,0.7%,1
186,110.2653384871,-7.8439415611,100.585,85.794,15872,85.904,15888.4,2.9,5.1%,1
187,110.2657402757,-7.8432772854,107.532,85.794,15957.7,86.075,15974.5,4.6,8.1%,1
188,110.2661420631,-7.8426130092,109.705,85.794,16043.5,85.822,16060.3,1.5,2.5%,1
189,110.2665438492,-7.8419487327,110.138,85.794,16129.3,85.795,16146.1,0.3,0.5%,1
190,110.2669456341,-7.8412844557,112.391,85.794,16215.1,85.824,16232,1.5,2.6%,1
191,110.2673474176,-7.8406201783,115.759,85.794,16300.9,85.86,16317.8,2.2,3.9%,1
192,110.2677491999,-7.8399559006,120.642,85.794,16386.7,85.933,16403.8,3.3,5.7%,1
193,110.2681509809,-7.8392916224,128.581,85.794,16472.5,86.161,16489.9,5.3,9.3%,1
194,110.2685527607,-7.8386273438,126.86,85.794,16558.3,85.812,16575.7,1.1,2.0%,1
195,110.2689545391,-7.8379630648,122.945,85.794,16644.1,85.884,16661.6,2.6,4.6%,1
196,110.2693563163,-7.8372987855,133.635,85.794,16729.9,86.458,16748.1,7.1,12.5%,1
197,110.2697580922,-7.8366345057,138.567,85.794,16815.7,85.936,16834,3.3,5.7%,1
198,110.2701598669,-7.8359702255,132.607,85.794,16901.5,86.001,16920,4.0,6.9%,1
199,110.2705616402,-7.8353059449,127.172,85.794,16987.3,85.966,17006,3.6,6.3%,1
200,110.2709634123,-7.8346416639,138.211,85.794,17073.1,86.502,17092.5,7.3,12.9%,1
201,110.2713651831,-7.8339773825,147.977,85.794,17158.9,86.348,17178.8,6.5,11.4%,1
202,110.2717669527,-7.8333131007,150.56,85.794,17244.7,85.833,17264.7,1.7,3.0%,1
203,110.2721687210,-7.8326488185,141.911,85.794,17330.5,86.229,17350.9,5.8,10.1%,1
204,110.2725704880,-7.8319845358,140.09,85.794,17416.3,85.814,17436.7,1.2,2.1%,1
205,110.2729722537,-7.8313202528,147.433,85.794,17502,86.108,17522.8,4.9,8.6%,1
206,110.2733740181,-7.8306559694,145.044,85.794,17587.8,85.828,17608.6,1.6,2.8%,1
207,110.2737757813,-7.8299916856,136.581,85.794,17673.6,86.211,17694.8,5.6,9.9%,1
208,110.2741775432,-7.8293274014,128.523,85.794,17759.4,86.172,17781,5.4,9.4%,1
209,110.2745793039,-7.8286631167,118.772,85.794,17845.2,86.347,17867.4,6.5,11.4%,1
210,110.2749810632,-7.8279988317,105.893,85.794,17931,86.756,17954.1,8.5,15.0%,1
211,110.2753828213,-7.8273345462,84.072,85.794,18016.8,88.526,18042.6,14.3,25.4%,1
212,110.2757845781,-7.8266702604,88.66,85.794,18102.6,85.917,18128.6,3.1,5.3%,1
213,110.2761863337,-7.8260059742,86.495,85.794,18188.4,85.822,18214.4,1.4,2.5%,1
214,110.2765880880,-7.8253416875,95.047,85.794,18274.2,86.22,18300.6,5.7,10.0%,1
215,110.2769898410,-7.8246774004,94.186,85.794,18360,85.799,18386.4,0.6,1.0%,1
216,110.2773915927,-7.8240131130,101.443,85.794,18445.8,86.101,18472.5,4.8,8.5%,1
217,110.2777933432,-7.8233488251,104.171,85.794,18531.6,85.838,18558.3,1.8,3.2%,1
218,110.2781950923,-7.8226845369,101.492,85.794,18617.4,85.836,18644.2,1.8,3.1%,1
219,110.2785968403,-7.8220202482,94.819,85.794,18703.2,86.054,18730.2,4.4,7.8%,1
220,110.2789985869,-7.8213559591,87.901,85.794,18789,86.073,18816.3,4.6,8.1%,1
221,110.2794003323,-7.8206916697,85,85.794,18874.8,85.843,18902.1,1.9,3.4%,1
222,110.2798020764,-7.8200273798,86.028,85.794,18960.6,85.801,18987.9,0.7,1.2%,1
223,110.2802038192,-7.8193630895,84.906,85.794,19046.3,85.802,19073.7,0.7,1.3%,1
224,110.2806055608,-7.8186987988,80.969,85.794,19132.1,85.885,19159.6,2.6,4.6%,1
225,110.2810073011,-7.8180345077,80.227,85.794,19217.9,85.798,19245.4,0.5,0.9%,1
226,110.2814090401,-7.8173702162,91.83,85.794,19303.7,86.575,19332,7.7,13.5%,1
227,110.2818107778,-7.8167059244,92.406,85.794,19389.5,85.796,19417.8,0.4,0.7%,1
228,110.2822125143,-7.8160416321,91.276,85.794,19475.3,85.802,19503.6,0.8,1.3%,1
229,110.2826142495,-7.8153773394,94.581,85.794,19561.1,85.858,19589.5,2.2,3.9%,1
230,110.2830159835,-7.8147130463,98.113,85.794,19646.9,85.867,19675.3,2.4,4.1%,1
231,110.2834177161,-7.8140487528,104.68,85.794,19732.7,86.045,19761.4,4.4,7.7%,1
232,110.2838194475,-7.8133844589,101.046,85.794,19818.5,85.871,19847.2,2.4,4.2%,1
233,110.2842211777,-7.8127201645,100.948,85.794,19904.3,85.794,19933,0.1,0.1%,1
234,110.2846229065,-7.8120558698,99.187,85.794,19990.1,85.812,20018.9,1.2,2.1%,1
235,110.2850246341,-7.8113915747,97.011,85.794,20075.9,85.822,20104.7,1.5,2.5%,1
236,110.2854263604,-7.8107272792,92.019,85.794,20161.7,85.939,20190.6,3.3,5.8%,1
237,110.2858280855,-7.8100629833,94.237,85.794,20247.5,85.823,20276.4,1.5,2.6%,1
238,110.2862298092,-7.8093986870,92.098,85.794,20333.3,85.821,20362.3,1.4,2.5%,1
239,110.2866315318,-7.8087343902,92.43,85.794,20419.1,85.795,20448.1,0.2,0.4%,1
240,110.2870332530,-7.8080700931,92.105,85.794,20504.8,85.795,20533.8,0.2,0.4%,1
241,110.2874349730,-7.8074057956,85.167,85.794,20590.6,86.074,20619.9,4.6,8.1%,1
242,110.2878366917,-7.8067414977,84.522,85.794,20676.4,85.797,20705.7,0.4,0.8%,1
243,110.2882384091,-7.8060771993,89.042,85.794,20762.2,85.913,20791.6,3.0,5.3%,1
244,110.2886401253,-7.8054129006,89.104,85.794,20848,85.794,20877.4,0.0,0.1%,1
245,110.2890418402,-7.8047486015,89.043,85.794,20933.8,85.794,20963.2,0.0,0.1%,1
246,110.2894435538,-7.8040843019,87.997,85.794,21019.6,85.801,21049,0.7,1.2%,1
247,110.2898452662,-7.8034200020,88.688,85.794,21105.4,85.797,21134.8,0.5,0.8%,1
248,110.2902469773,-7.8027557016,89.03,85.794,21191.2,85.795,21220.6,0.2,0.4%,1
249,110.2906486871,-7.8020914009,92.864,85.794,21277,85.88,21306.5,2.6,4.5%,1
250,110.2910503956,-7.8014270997,94.563,85.794,21362.8,85.811,21392.3,1.1,2.0%,1
251,110.2914521029,-7.8007627982,96,85.794,21448.6,85.806,21478.1,1.0,1.7%,1
252,110.2918538090,-7.8000984962,97.109,85.794,21534.4,85.802,21563.9,0.7,1.3%,1
253,110.2922555137,-7.7994341939,98.318,85.794,21620.2,85.803,21649.7,0.8,1.4%,1
254,110.2926572172,-7.7987698911,97.704,85.794,21706,85.797,21735.5,0.4,0.7%,1
255,110.2930589194,-7.7981055880,98.02,85.794,21791.8,85.795,21821.3,0.2,0.4%,1
256,110.2934606204,-7.7974412844,101.802,85.794,21877.6,85.878,21907.2,2.5,4.4%,1
257,110.2938623201,-7.7967769804,103.603,85.794,21963.4,85.813,21993,1.2,2.1%,1
258,110.2942640185,-7.7961126761,99.004,85.794,22049.1,85.918,22078.9,3.1,5.4%,1
259,110.2946657156,-7.7954483713,100.307,85.794,22134.9,85.804,22164.7,0.9,1.5%,1
260,110.2950674115,-7.7947840661,102.4,85.794,22220.7,85.82,22250.5,1.4,2.4%,1
261,110.2954691061,-7.7941197606,98.675,85.794,22306.5,85.875,22336.4,2.5,4.3%,1
262,110.2958707995,-7.7934554546,96.965,85.794,22392.3,85.811,22422.2,1.1,2.0%,1
263,110.2962724916,-7.7927911482,99.02,85.794,22478.1,85.819,22508,1.4,2.4%,1
264,110.2966741824,-7.7921268414,101.714,85.794,22563.9,85.837,22593.9,1.8,3.1%,1
265,110.2970758719,-7.7914625343,103.527,85.794,22649.7,85.814,22679.7,1.2,2.1%,1
266,110.2974775602,-7.7907982267,103.288,85.794,22735.5,85.795,22765.5,0.2,0.3%,1
267,110.2978792472,-7.7901339187,102.811,85.794,22821.3,85.796,22851.3,0.3,0.6%,1
268,110.2982809330,-7.7894696103,102.189,85.794,22907.1,85.797,22937.1,0.4,0.7%,1
269,110.2986826175,-7.7888053015,106.98,85.794,22992.9,85.928,23023,3.2,5.6%,1
270,110.2990843007,-7.7881409924,107.923,85.794,23078.7,85.8,23108.8,0.6,1.1%,1
271,110.2994859826,-7.7874766828,106.221,85.794,23164.5,85.811,23194.6,1.1,2.0%,1
272,110.2998876633,-7.7868123728,109.162,85.794,23250.3,85.845,23280.5,2.0,3.4%,1
273,110.3002893428,-7.7861480624,112.086,85.794,23336.1,85.844,23366.3,2.0,3.4%,1
274,110.3006910209,-7.7854837516,108.868,85.794,23421.9,85.855,23452.2,2.1,3.8%,1
275,110.3010926978,-7.7848194404,109.35,85.794,23507.7,85.796,23538,0.3,0.6%,1
276,110.3014943734,-7.7841551288,108.396,85.794,23593.4,85.8,23623.8,0.6,1.1%,1
277,110.3018960478,-7.7834908168,108.023,85.794,23679.2,85.795,23709.6,0.2,0.4%,1
278,110.3022977209,-7.7828265045,110.049,85.794,23765,85.818,23795.4,1.4,2.4%,1
279,110.3026993927,-7.7821621917,113.432,85.794,23850.8,85.861,23881.2,2.3,3.9%,1
280,110.3031010633,-7.7814978785,114.836,85.794,23936.6,85.806,23967,0.9,1.6%,1
281,110.3035027326,-7.7808335649,112.78,85.794,24022.4,85.819,24052.9,1.4,2.4%,1
282,110.3039044007,-7.7801692509,114.313,85.794,24108.2,85.808,24138.7,1.0,1.8%,1
283,110.3043060674,-7.7795049365,115.28,85.794,24194,85.8,24224.5,0.6,1.1%,1
284,110.3047077330,-7.7788406217,114.226,85.794,24279.8,85.801,24310.3,0.7,1.2%,1
285,110.3051093972,-7.7781763065,115.476,85.794,24365.6,85.803,24396.1,0.8,1.5%,1
286,110.3055110602,-7.7775119909,112.16,85.794,24451.4,85.858,24481.9,2.2,3.9%,1
287,110.3059127219,-7.7768476749,115.063,85.794,24537.2,85.843,24567.8,1.9,3.4%,1
288,110.3063143824,-7.7761833585,115.078,85.794,24623,85.794,24653.6,0.0,0.0%,1
289,110.3067160416,-7.7755190417,114.309,85.794,24708.8,85.798,24739.4,0.5,0.9%,1
290,110.3071176995,-7.7748547245,117.326,85.794,24794.6,85.847,24825.2,2.0,3.5%,1
291,110.3075193562,-7.7741904069,118.016,85.794,24880.4,85.797,24911,0.5,0.8%,1
292,110.3079210116,-7.7735260888,116,85.794,24966.2,85.818,24996.8,1.3,2.3%,1
293,110.3083226657,-7.7728617704,116.027,85.794,25052,85.794,25082.6,0.0,0.0%,1
294,110.3087243186,-7.7721974516,117.497,85.794,25137.7,85.807,25168.4,1.0,1.7%,1
295,110.3091259702,-7.7715331324,119.66,85.794,25223.5,85.822,25254.3,1.4,2.5%,1
296,110.3095276206,-7.7708688128,118.872,85.794,25309.3,85.798,25340,0.5,0.9%,1
297,110.3099292697,-7.7702044928,119.058,85.794,25395.1,85.795,25425.8,0.1,0.2%,1
298,110.3103309175,-7.7695401724,119.574,85.794,25480.9,85.796,25511.6,0.3,0.6%,1
299,110.3107325640,-7.7688758516,121.97,85.794,25566.7,85.828,25597.5,1.6,2.8%,1
300,110.3111342094,-7.7682115304,122.054,85.794,25652.5,85.794,25683.3,0.1,0.1%,1
301,110.3115358534,-7.7675472088,126.058,85.794,25738.3,85.888,25769.1,2.7,4.7%,1
302,110.3119374962,-7.7668828868,126.778,85.794,25824.1,85.797,25854.9,0.5,0.8%,1
303,110.3123391377,-7.7662185644,130.068,85.794,25909.9,85.857,25940.8,2.2,3.8%,1
304,110.3127407779,-7.7655542416,133.867,85.794,25995.7,85.878,26026.7,2.5,4.4%,1
305,110.3131424169,-7.7648899183,134.771,85.794,26081.5,85.799,26112.5,0.6,1.1%,1
306,110.3135440547,-7.7642255947,132.454,85.794,26167.3,85.826,26198.3,1.5,2.7%,1
307,110.3139456911,-7.7635612707,131.168,85.794,26253.1,85.804,26284.1,0.9,1.5%,1
308,110.3143473263,-7.7628969463,129.95,85.794,26338.9,85.803,26369.9,0.8,1.4%,1
309,110.3147489603,-7.7622326215,133.832,85.794,26424.7,85.882,26455.8,2.6,4.5%,1
310,110.3151505930,-7.7615682963,130.996,85.794,26510.5,85.841,26541.6,1.9,3.3%,1
311,110.3155522244,-7.7609039707,132.743,85.794,26596.2,85.812,26627.5,1.2,2.0%,1
312,110.3159538546,-7.7602396447,134,85.794,26682,85.804,26713.3,0.8,1.5%,1
313,110.3163554835,-7.7595753183,135.171,85.794,26767.8,85.802,26799.1,0.8,1.4%,1
314,110.3167571111,-7.7589109915,137.895,85.794,26853.6,85.838,26884.9,1.8,3.2%,1
315,110.3171587375,-7.7582466642,136.145,85.794,26939.4,85.812,26970.7,1.2,2.0%,1
316,110.3175603626,-7.7575823366,137.319,85.794,27025.2,85.802,27056.5,0.8,1.4%,1
317,110.3179619865,-7.7569180086,136.4,85.794,27111,85.799,27142.3,0.6,1.1%,1
318,110.3183636091,-7.7562536802,137.053,85.794,27196.8,85.797,27228.1,0.4,0.8%,1
319,110.3187652304,-7.7555893514,139.042,85.794,27282.6,85.817,27313.9,1.3,2.3%,1
320,110.3191668505,-7.7549250222,138.269,85.794,27368.4,85.798,27399.7,0.5,0.9%,1
321,110.3195684693,-7.7542606926,139.108,85.794,27454.2,85.798,27485.5,0.6,1.0%,1
322,110.3199700869,-7.7535963626,142.951,85.794,27540,85.88,27571.4,2.6,4.5%,1
323,110.3203717032,-7.7529320322,146.676,85.794,27625.8,85.875,27657.3,2.5,4.3%,1
324,110.3207733182,-7.7522677014,147.216,85.794,27711.6,85.796,27743.1,0.4,0.6%,1
325,110.3211749320,-7.7516033702,149.823,85.794,27797.4,85.834,27828.9,1.7,3.0%,1
326,110.3215765445,-7.7509390386,148.381,85.794,27883.2,85.806,27914.7,1.0,1.7%,1
327,110.3219781558,-7.7502747066,152.99,85.794,27969,85.918,28000.6,3.1,5.4%,1
328,110.3223797658,-7.7496103742,151.597,85.794,28054.8,85.806,28086.4,0.9,1.6%,1
329,110.3227813745,-7.7489460414,150.003,85.794,28140.5,85.809,28172.2,1.1,1.9%,1
330,110.3231829820,-7.7482817082,150.714,85.794,28226.3,85.797,28258,0.5,0.8%,1
331,110.3235845882,-7.7476173746,150.015,85.794,28312.1,85.797,28343.8,0.5,0.8%,1
332,110.3239861932,-7.7469530406,152.92,85.794,28397.9,85.844,28429.7,1.9,3.4%,1
333,110.3243877969,-7.7462887062,153.721,85.794,28483.7,85.798,28515.5,0.5,0.9%,1
334,110.3247893994,-7.7456243714,156.878,85.794,28569.5,85.852,28601.3,2.1,3.7%,1
335,110.3251910006,-7.7449600362,156.913,85.794,28655.3,85.794,28687.1,0.0,0.0%,1
336,110.3255926005,-7.7442957006,158.071,85.794,28741.1,85.802,28772.9,0.8,1.4%,1
337,110.3259941992,-7.7436313646,154.219,85.794,28826.9,85.881,28858.8,2.6,4.5%,1
338,110.3263957966,-7.7429670282,155.679,85.794,28912.7,85.807,28944.6,1.0,1.7%,1
339,110.3267973927,-7.7423026914,157.059,85.794,28998.5,85.805,29030.4,0.9,1.6%,1
340,110.3271989877,-7.7416383542,157.159,85.794,29084.3,85.794,29116.2,0.1,0.1%,1
341,110.3276005813,-7.7409740166,156.494,85.794,29170.1,85.797,29202,0.4,0.8%,1
342,110.3280021737,-7.7403096786,157.384,85.794,29255.9,85.799,29287.8,0.6,1.0%,1
343,110.3284037648,-7.7396453402,158.061,85.794,29341.7,85.797,29373.6,0.5,0.8%,1
344,110.3288053547,-7.7389810014,160.799,85.794,29427.5,85.838,29459.4,1.8,3.2%,1
345,110.3292069433,-7.7383166622,162.136,85.794,29513.3,85.805,29545.3,0.9,1.6%,1
346,110.3296085307,-7.7376523227,162.633,85.794,29599.1,85.796,29631,0.3,0.6%,1
347,110.3300101168,-7.7369879827,167.067,85.794,29684.8,85.909,29717,3.0,5.2%,1
348,110.3304117016,-7.7363236423,168.405,85.794,29770.6,85.805,29802.8,0.9,1.6%,1
349,110.3308132852,-7.7356593015,169.253,85.794,29856.4,85.799,29888.6,0.6,1.0%,1
350,110.3312148675,-7.7349949603,170.993,85.794,29942.2,85.812,29974.4,1.2,2.0%,1
351,110.3316164486,-7.7343306188,171.41,85.794,30028,85.795,30060.2,0.3,0.5%,1
352,110.3320180284,-7.7336662768,173.603,85.794,30113.8,85.822,30146,1.5,2.6%,1
353,110.3324196070,-7.7330019344,176.579,85.794,30199.6,85.846,30231.8,2.0,3.5%,1
354,110.3328211843,-7.7323375916,174,85.794,30285.4,85.833,30317.7,1.7,3.0%,1
355,110.3332227603,-7.7316732485,172.611,85.794,30371.2,85.806,30403.5,0.9,1.6%,1
356,110.3336243351,-7.7310089049,175.018,85.794,30457,85.828,30489.3,1.6,2.8%,1
357,110.3340259086,-7.7303445609,178.641,85.794,30542.8,85.871,30575.2,2.4,4.2%,1
358,110.3344274809,-7.7296802166,182.496,85.794,30628.6,85.881,30661.1,2.6,4.5%,1
359,110.3348290520,-7.7290158718,183.44,85.794,30714.4,85.8,30746.9,0.6,1.1%,1
360,110.3352306217,-7.7283515266,184,85.794,30800.2,85.796,30832.6,0.4,0.7%,1
361,110.3356321902,-7.7276871811,183.904,85.794,30886,85.794,30918.4,0.1,0.1%,1
362,110.3360337575,-7.7270228351,186.996,85.794,30971.8,85.85,31004.3,2.1,3.6%,1
363,110.3364353235,-7.7263584888,184,85.794,31057.6,85.847,31090.1,2.0,3.5%,1
364,110.3368368882,-7.7256941420,187.922,85.794,31143.3,85.884,31176,2.6,4.6%,1
365,110.3372384517,-7.7250297948,190.101,85.794,31229.1,85.822,31261.8,1.5,2.5%,1
366,110.3376400140,-7.7243654473,189.496,85.794,31314.9,85.796,31347.6,0.4,0.7%,1
367,110.3380415750,-7.7237010993,188.95,85.794,31400.7,85.796,31433.4,0.4,0.6%,1
368,110.3384431347,-7.7230367510,189.203,85.794,31486.5,85.795,31519.2,0.2,0.3%,1
369,110.3388446932,-7.7223724023,193.386,85.794,31572.3,85.896,31605.1,2.8,4.9%,1
370,110.3392462504,-7.7217080531,196.373,85.794,31658.1,85.846,31691,2.0,3.5%,1
371,110.3396478063,-7.7210437036,199.065,85.794,31743.9,85.837,31776.8,1.8,3.1%,1
372,110.3400493611,-7.7203793536,196.634,85.794,31829.7,85.829,31862.6,1.6,2.8%,1
373,110.3404509145,-7.7197150033,201.036,85.794,31915.5,85.907,31948.5,2.9,5.1%,1
374,110.3408524667,-7.7190506526,203.349,85.794,32001.3,85.826,32034.4,1.5,2.7%,1
375,110.3412540177,-7.7183863014,203.514,85.794,32087.1,85.795,32120.2,0.1,0.2%,1
376,110.3416555674,-7.7177219499,209.33,85.794,32172.9,85.991,32206.2,3.9,6.8%,1
377,110.3420571158,-7.7170575980,209.407,85.794,32258.7,85.794,32292,0.1,0.1%,1
378,110.3424586630,-7.7163932457,210.687,85.794,32344.5,85.804,32377.8,0.9,1.5%,1
379,110.3428602089,-7.7157288929,209.376,85.794,32430.3,85.804,32463.6,0.9,1.5%,1
380,110.3432617536,-7.7150645398,212.283,85.794,32516.1,85.844,32549.4,1.9,3.4%,1
381,110.3436632970,-7.7144001863,212.605,85.794,32601.9,85.795,32635.2,0.2,0.4%,1
382,110.3440648392,-7.7137358324,215.818,85.794,32687.6,85.854,32721.1,2.1,3.7%,1
383,110.3444663801,-7.7130714781,216.859,85.794,32773.4,85.801,32806.9,0.7,1.2%,1
384,110.3448679198,-7.7124071234,213.19,85.794,32859.2,85.873,32892.7,2.4,4.3%,1
385,110.3452694582,-7.7117427683,212.978,85.794,32945,85.795,32978.5,0.1,0.2%,1
386,110.3456709954,-7.7110784128,217.851,85.794,33030.8,85.933,33064.5,3.3,5.7%,1
387,110.3460725313,-7.7104140569,218.648,85.794,33116.6,85.798,33150.3,0.5,0.9%,1
388,110.3464740659,-7.7097497006,217.307,85.794,33202.4,85.805,33236.1,0.9,1.6%,1
389,110.3468755994,-7.7090853439,220.365,85.794,33288.2,85.849,33321.9,2.0,3.6%,1
390,110.3472771315,-7.7084209868,221.747,85.794,33374,85.805,33407.7,0.9,1.6%,1
391,110.3476786624,-7.7077566293,222.043,85.794,33459.8,85.795,33493.5,0.2,0.3%,1
392,110.3480801921,-7.7070922714,217.468,85.794,33545.6,85.916,33579.4,3.1,5.3%,1
393,110.3484817205,-7.7064279131,218.616,85.794,33631.4,85.802,33665.2,0.8,1.3%,1
394,110.3488832476,-7.7057635544,215.322,85.794,33717.2,85.858,33751.1,2.2,3.8%,1
395,110.3492847735,-7.7050991954,222.083,85.794,33803,86.06,33837.1,4.5,7.9%,1
396,110.3496862981,-7.7044348359,227.815,85.794,33888.8,85.986,33923.1,3.8,6.7%,1
397,110.3500878215,-7.7037704760,232.11,85.794,33974.6,85.902,34009,2.9,5.0%,1
398,110.3504893437,-7.7031061158,232.861,85.794,34060.4,85.798,34094.8,0.5,0.9%,1
399,110.3508908646,-7.7024417551,234.253,85.794,34146.2,85.806,34180.6,0.9,1.6%,1
400,110.3512923842,-7.7017773940,232.848,85.794,34231.9,85.806,34266.4,0.9,1.6%,1
401,110.3516939026,-7.7011130326,233.987,85.794,34317.7,85.802,34352.2,0.8,1.3%,1
402,110.3520954197,-7.7004486707,239.385,85.794,34403.5,85.964,34438.2,3.6,6.3%,1
403,110.3524969356,-7.6997843085,239.768,85.794,34489.3,85.795,34524,0.3,0.4%,1
404,110.3528984502,-7.6991199458,242.204,85.794,34575.1,85.829,34609.8,1.6,2.8%,1
405,110.3532999636,-7.6984555828,245,85.794,34660.9,85.84,34695.7,1.9,3.3%,1
406,110.3537014758,-7.6977912193,246.707,85.794,34746.7,85.811,34781.5,1.1,2.0%,1
407,110.3541029866,-7.6971268555,250.114,85.794,34832.5,85.862,34867.3,2.3,4.0%,1
408,110.3545044963,-7.6964624913,252.432,85.794,34918.3,85.826,34953.2,1.5,2.7%,1
409,110.3549060047,-7.6957981266,255.45,85.794,35004.1,85.847,35039,2.0,3.5%,1
410,110.3553075118,-7.6951337616,256.537,85.794,35089.9,85.801,35124.8,0.7,1.3%,1
411,110.3557090177,-7.6944693962,257.698,85.794,35175.7,85.802,35210.6,0.8,1.4%,1
412,110.3561105223,-7.6938050304,256.301,85.794,35261.5,85.806,35296.4,0.9,1.6%,1
413,110.3565120257,-7.6931406642,257.443,85.794,35347.3,85.802,35382.2,0.8,1.3%,1
414,110.3569135278,-7.6924762975,259.171,85.794,35433.1,85.812,35468,1.2,2.0%,1
415,110.3573150287,-7.6918119305,262.954,85.794,35518.9,85.878,35553.9,2.5,4.4%,1
416,110.3577165284,-7.6911475631,268.648,85.794,35604.7,85.983,35639.9,3.8,6.6%,1
417,110.3581180267,-7.6904831953,271.717,85.794,35690.4,85.849,35725.8,2.0,3.6%,1
418,110.3585195239,-7.6898188271,266.248,85.794,35776.2,85.968,35811.7,3.6,6.4%,1
419,110.3589210198,-7.6891544585,271.808,85.794,35862,85.974,35897.7,3.7,6.5%,1
420,110.3593225144,-7.6884900896,271.119,85.794,35947.8,85.797,35983.5,0.5,0.8%,1
421,110.3597240078,-7.6878257202,278.49,85.794,36033.6,86.11,36069.6,4.9,8.6%,1
422,110.3601254999,-7.6871613504,279.134,85.794,36119.4,85.797,36155.4,0.4,0.8%,1
423,110.3605269908,-7.6864969802,276.937,85.794,36205.2,85.822,36241.2,1.5,2.6%,1
424,110.3609284805,-7.6858326097,283.374,85.794,36291,86.036,36327.3,4.3,7.5%,1
425,110.3613299689,-7.6851682387,289.28,85.794,36376.8,85.997,36413.3,3.9,6.9%,1
426,110.3617314560,-7.6845038673,292.736,85.794,36462.6,85.864,36499.1,2.3,4.0%,1
427,110.3621329419,-7.6838394956,293.501,85.794,36548.4,85.798,36584.9,0.5,0.9%,1
428,110.3625344266,-7.6831751234,292.518,85.794,36634.2,85.8,36670.7,0.7,1.1%,1
429,110.3629359100,-7.6825107509,298.222,85.794,36720,85.984,36756.7,3.8,6.6%,1
430,110.3633373921,-7.6818463779,301.706,85.794,36805.8,85.865,36842.6,2.3,4.1%,1
431,110.3637388731,-7.6811820046,303.657,85.794,36891.6,85.817,36928.4,1.3,2.3%,1
432,110.3641403527,-7.6805176308,305.863,85.794,36977.4,85.823,37014.2,1.5,2.6%,1
433,110.3645418311,-7.6798532567,298.778,85.794,37063.2,86.086,37100.3,4.7,8.3%,1
434,110.3649433083,-7.6791888822,300.78,85.794,37149,85.818,37186.1,1.3,2.3%,1
435,110.3653447842,-7.6785245072,305.482,85.794,37234.7,85.923,37272,3.1,5.5%,1
436,110.3657462589,-7.6778601319,304.61,85.794,37320.5,85.799,37357.8,0.6,1.0%,1
437,110.3661477323,-7.6771957562,308.07,85.794,37406.3,85.864,37443.7,2.3,4.0%,1
438,110.3665492045,-7.6765313801,311.027,85.794,37492.1,85.845,37529.5,2.0,3.4%,1
439,110.3669506754,-7.6758670036,318.901,85.794,37577.9,86.155,37615.7,5.2,9.2%,1
440,110.3673521451,-7.6752026267,324.477,85.794,37663.7,85.975,37701.7,3.7,6.5%,1
441,110.3677536136,-7.6745382494,327.749,85.794,37749.5,85.857,37787.5,2.2,3.8%,1
442,110.3681550808,-7.6738738717,329.696,85.794,37835.3,85.816,37873.3,1.3,2.3%,1
443,110.3685565467,-7.6732094936,331.249,85.794,37921.1,85.808,37959.1,1.0,1.8%,1
444,110.3689580114,-7.6725451151,334.04,85.794,38006.9,85.84,38045,1.9,3.3%,1
445,110.3693594749,-7.6718807363,334.012,85.794,38092.7,85.794,38130.8,0.0,0.0%,1
446,110.3697609371,-7.6712163570,338,85.794,38178.5,85.887,38216.7,2.7,4.6%,1
447,110.3701623980,-7.6705519773,337,85.794,38264.3,85.8,38302.5,0.7,1.2%,1
448,110.3705638578,-7.6698875973,340.232,85.794,38350.1,85.855,38388.3,2.2,3.8%,1
449,110.3709653162,-7.6692232168,344.603,85.794,38435.9,85.906,38474.2,2.9,5.1%,1
450,110.3713667735,-7.6685588359,347.841,85.794,38521.7,85.855,38560.1,2.2,3.8%,1
451,110.3717682294,-7.6678944547,352.006,85.794,38607.5,85.895,38646,2.8,4.9%,1
452,110.3721696842,-7.6672300731,354.76,85.794,38693.3,85.839,38731.8,1.8,3.2%,1
453,110.3725711377,-7.6665656910,357.651,85.794,38779,85.843,38817.7,1.9,3.4%,1
454,110.3729725899,-7.6659013086,358.511,85.794,38864.8,85.799,38903.5,0.6,1.0%,1
455,110.3733740409,-7.6652369258,361.293,85.794,38950.6,85.839,38989.3,1.9,3.2%,1
456,110.3737754907,-7.6645725425,366.094,85.794,39036.4,85.929,39075.2,3.2,5.6%,1
457,110.3741769392,-7.6639081589,371.039,85.794,39122.2,85.937,39161.2,3.3,5.8%,1
458,110.3745783864,-7.6632437749,375.155,85.794,39208,85.893,39247.1,2.7,4.8%,1
459,110.3749798325,-7.6625793905,378.818,85.794,39293.8,85.872,39332.9,2.4,4.3%,1
460,110.3753812772,-7.6619150057,380.573,85.794,39379.6,85.812,39418.7,1.2,2.0%,1
461,110.3757827208,-7.6612506205,385.9,85.794,39465.4,85.96,39504.7,3.6,6.2%,1
462,110.3761841631,-7.6605862349,390.831,85.794,39551.2,85.936,39590.6,3.3,5.7%,1
463,110.3765856041,-7.6599218489,387.281,85.794,39637,85.868,39676.5,2.4,4.1%,1
464,110.3769870439,-7.6592574626,393.5,85.794,39722.8,86.019,39762.5,4.1,7.2%,1
465,110.3773884825,-7.6585930758,397.557,85.794,39808.6,85.89,39848.4,2.7,4.7%,1
466,110.3777899198,-7.6579286886,399.5,85.794,39894.4,85.816,39934.2,1.3,2.3%,1
467,110.3781913559,-7.6572643011,401.546,85.794,39980.2,85.819,40020.1,1.4,2.4%,1
468,110.3785927907,-7.6565999131,404.876,85.794,40066,85.859,40105.9,2.2,3.9%,1
469,110.3789942243,-7.6559355248,405.126,85.794,40151.8,85.795,40191.7,0.2,0.3%,1
470,110.3793956566,-7.6552711360,405.072,85.794,40237.6,85.794,40277.5,0.0,0.1%,1
471,110.3797970877,-7.6546067469,410.797,85.794,40323.3,85.985,40363.5,3.8,6.7%,1
472,110.3801985176,-7.6539423573,414.66,85.794,40409.1,85.881,40449.4,2.6,4.5%,1
473,110.3805999462,-7.6532779674,417.399,85.794,40494.9,85.838,40535.2,1.8,3.2%,1
474,110.3810013736,-7.6526135771,421.986,85.794,40580.7,85.917,40621.1,3.1,5.3%,1
475,110.3814027997,-7.6519491864,421.1,85.794,40666.5,85.799,40706.9,0.6,1.0%,1
476,110.3818042246,-7.6512847953,424.375,85.794,40752.3,85.857,40792.8,2.2,3.8%,1
477,110.3822056482,-7.6506204038,430.473,85.794,40838.1,86.011,40878.8,4.1,7.1%,1
478,110.3826070706,-7.6499560119,434.149,85.794,40923.9,85.873,40964.7,2.5,4.3%,1
479,110.3830084918,-7.6492916196,440.737,85.794,41009.7,86.047,41050.7,4.4,7.7%,1
480,110.3834099117,-7.6486272269,442.943,85.794,41095.5,85.823,41136.5,1.5,2.6%,1
481,110.3838113304,-7.6479628338,445.668,85.794,41181.3,85.838,41222.4,1.8,3.2%,1
482,110.3842127478,-7.6472984403,450.829,85.794,41267.1,85.949,41308.3,3.4,6.0%,1
483,110.3846141640,-7.6466340465,455.117,85.794,41352.9,85.901,41394.2,2.9,5.0%,1
484,110.3850155789,-7.6459696522,452.915,85.794,41438.7,85.823,41480,1.5,2.6%,1
485,110.3854169926,-7.6453052576,454.802,85.794,41524.5,85.815,41565.9,1.3,2.2%,1
486,110.3858184051,-7.6446408625,457.347,85.794,41610.3,85.832,41651.7,1.7,3.0%,1
487,110.3862198163,-7.6439764671,463.029,85.794,41696.1,85.982,41737.7,3.8,6.6%,1
488,110.3866212263,-7.6433120712,470.685,85.794,41781.8,86.135,41823.8,5.1,8.9%,1
489,110.3870226350,-7.6426476750,473.637,85.794,41867.6,85.845,41909.7,2.0,3.4%,1
490,110.3874240425,-7.6419832784,482.956,85.794,41953.4,86.299,41996,6.2,10.9%,1
491,110.3878254488,-7.6413188814,483.167,85.794,42039.2,85.795,42081.7,0.1,0.2%,1
492,110.3882268538,-7.6406544840,486.877,85.794,42125,85.875,42167.6,2.5,4.3%,1
493,110.3886282576,-7.6399900862,490.187,85.794,42210.8,85.858,42253.5,2.2,3.9%,1
494,110.3890296601,-7.6393256880,497.151,85.794,42296.6,86.076,42339.6,4.6,8.1%,1
495,110.3894310614,-7.6386612894,500.771,85.794,42382.4,85.871,42425.4,2.4,4.2%,1
496,110.3898324615,-7.6379968904,508.104,85.794,42468.2,86.107,42511.5,4.9,8.5%,1
497,110.3902338603,-7.6373324910,509.301,85.794,42554,85.803,42597.3,0.8,1.4%,1
498,110.3906352579,-7.6366680913,514.703,85.794,42639.8,85.964,42683.3,3.6,6.3%,1
499,110.3910366542,-7.6360036911,513.104,85.794,42725.6,85.809,42769.1,1.1,1.9%,1
500,110.3914380493,-7.6353392905,518.122,85.794,42811.4,85.941,42855.1,3.3,5.8%,1
501,110.3918394432,-7.6346748896,520.322,85.794,42897.2,85.823,42940.9,1.5,2.6%,1
502,110.3922408358,-7.6340104882,527.811,85.794,42983,86.121,43027,5.0,8.7%,1
503,110.3926422272,-7.6333460865,533.489,85.794,43068.8,85.982,43113,3.8,6.6%,1
504,110.3930436173,-7.6326816844,536.361,85.794,43154.6,85.842,43198.8,1.9,3.3%,1
505,110.3934450062,-7.6320172819,540.336,85.794,43240.4,85.886,43284.7,2.7,4.6%,1
506,110.3938463939,-7.6313528789,544.91,85.794,43326.1,85.916,43370.6,3.1,5.3%,1
507,110.3942477803,-7.6306884756,551.152,85.794,43411.9,86.021,43456.6,4.2,7.3%,1
508,110.3946491655,-7.6300240719,553.474,85.794,43497.7,85.826,43542.5,1.6,2.7%,1
509,110.3950505494,-7.6293596679,559.165,85.794,43583.5,85.983,43628.5,3.8,6.6%,1
510,110.3954519321,-7.6286952634,565.204,85.794,43669.3,86.007,43714.5,4.0,7.0%,1
511,110.3958533136,-7.6280308585,572.072,85.794,43755.1,86.069,43800.5,4.6,8.0%,1
512,110.3962546938,-7.6273664532,576.031,85.794,43840.9,85.886,43886.4,2.6,4.6%,1
513,110.3966560728,-7.6267020476,580.707,85.794,43926.7,85.922,43972.3,3.1,5.4%,1
514,110.3970574506,-7.6260376415,582.372,85.794,44012.5,85.811,44058.1,1.1,1.9%,1
515,110.3974588271,-7.6253732351,589.38,85.794,44098.3,86.08,44144.2,4.7,8.2%,1
516,110.3978602023,-7.6247088282,594.24,85.794,44184.1,85.932,44230.2,3.2,5.7%,1
517,110.3982615764,-7.6240444210,597.225,85.794,44269.9,85.846,44316,2.0,3.5%,1
518,110.3986629492,-7.6233800133,603.373,85.794,44355.7,86.014,44402,4.1,7.2%,1
519,110.3990643207,-7.6227156053,606.448,85.794,44441.5,85.849,44487.9,2.1,3.6%,1
520,110.3994656911,-7.6220511969,611.461,85.794,44527.3,85.941,44573.8,3.3,5.8%,1
521,110.3998670602,-7.6213867881,619.68,85.794,44613.1,86.187,44660,5.5,9.6%,1
522,110.4002684280,-7.6207223789,628.58,85.794,44698.9,86.255,44746.2,5.9,10.4%,1
523,110.4006697946,-7.6200579693,629.117,85.794,44784.7,85.796,44832,0.4,0.6%,1
524,110.4010711600,-7.6193935594,636.712,85.794,44870.4,86.13,44918.2,5.1,8.9%,1
525,110.4014725241,-7.6187291490,642.451,85.794,44956.2,85.986,45004.2,3.8,6.7%,1
526,110.4018738870,-7.6180647382,646.5,85.794,45042,85.89,45090.1,2.7,4.7%,1
527,110.4022752487,-7.6174003271,651.512,85.794,45127.8,85.941,45176,3.3,5.8%,1
528,110.4026766091,-7.6167359155,657.66,85.794,45213.6,86.014,45262,4.1,7.2%,1
529,110.4030779683,-7.6160715036,663.681,85.794,45299.4,86.005,45348,4.0,7.0%,1
530,110.4034793263,-7.6154070912,674.899,85.794,45385.2,86.525,45434.5,7.4,13.1%,1
531,110.4038806830,-7.6147426785,680.954,85.794,45471,86.008,45520.5,4.0,7.1%,1
532,110.4042820385,-7.6140782654,685.132,85.794,45556.8,85.896,45606.4,2.8,4.9%,1
533,110.4046833927,-7.6134138519,689.52,85.794,45642.6,85.906,45692.3,2.9,5.1%,1
534,110.4050847457,-7.6127494380,696.134,85.794,45728.4,86.049,45778.4,4.4,7.7%,1
535,110.4054860975,-7.6120850237,704.12,85.794,45814.2,86.165,45864.6,5.3,9.3%,1
536,110.4058874480,-7.6114206090,710.371,85.794,45900,86.022,45950.6,4.2,7.3%,1
537,110.4062887973,-7.6107561939,713.935,85.794,45985.8,85.868,46036.5,2.4,4.2%,1
538,110.4066901454,-7.6100917784,721.989,85.794,46071.6,86.172,46122.6,5.4,9.4%,1
539,110.4070914922,-7.6094273626,730.119,85.794,46157.4,86.179,46208.8,5.4,9.5%,1
540,110.4074928378,-7.6087629463,736.723,85.794,46243.2,86.048,46294.8,4.4,7.7%,1
541,110.4078941822,-7.6080985297,746.987,85.794,46328.9,86.406,46381.3,6.8,12.0%,1
542,110.4082955253,-7.6074341126,749.117,85.794,46414.7,85.821,46467.1,1.4,2.5%,1
543,110.4086968672,-7.6067696952,756.219,85.794,46500.5,86.088,46553.2,4.7,8.3%,1
544,110.4090982078,-7.6061052774,760.813,85.794,46586.3,85.917,46639.1,3.1,5.4%,1
545,110.4094995473,-7.6054408592,768.239,85.794,46672.1,86.115,46725.2,4.9,8.7%,1
546,110.4099008855,-7.6047764406,778.107,85.794,46757.9,86.36,46811.6,6.6,11.5%,1
547,110.4103022224,-7.6041120216,783.913,85.794,46843.7,85.991,46897.5,3.9,6.8%,1
548,110.4107035581,-7.6034476022,790.15,85.794,46929.5,86.021,46983.6,4.2,7.3%,1
549,110.4111048926,-7.6027831824,797.881,85.794,47015.3,86.142,47069.7,5.1,9.0%,1
550,110.4115062258,-7.6021187623,804.41,85.794,47101.1,86.042,47155.8,4.4,7.6%,1
551,110.4119075579,-7.6014543417,810.516,85.794,47186.9,86.011,47241.8,4.1,7.1%,1
552,110.4123088886,-7.6007899207,821.694,85.794,47272.7,86.519,47328.3,7.4,13.0%,1
553,110.4127102182,-7.6001254994,820.032,85.794,47358.5,85.81,47414.1,1.1,1.9%,1
554,110.4131115465,-7.5994610777,827.381,85.794,47444.3,86.109,47500.2,4.9,8.6%,1
555,110.4135128736,-7.5987966555,836.721,85.794,47530.1,86.301,47586.5,6.2,10.9%,1
556,110.4139141994,-7.5981322330,846.947,85.794,47615.9,86.402,47672.9,6.8,11.9%,1
557,110.4143155240,-7.5974678101,854.955,85.794,47701.7,86.167,47759.1,5.3,9.3%,1
558,110.4147168474,-7.5968033868,867.436,85.794,47787.5,86.697,47845.8,8.3,14.5%,1
559,110.4151181696,-7.5961389631,873.793,85.794,47873.2,86.03,47931.8,4.2,7.4%,1
560,110.4155194905,-7.5954745391,883.188,85.794,47959,86.307,48018.1,6.2,11.0%,1
561,110.4159208101,-7.5948101146,892.836,85.794,48044.8,86.335,48104.4,6.4,11.2%,1
562,110.4163221286,-7.5941456897,898.986,85.794,48130.6,86.015,48190.5,4.1,7.2%,1
563,110.4167234458,-7.5934812645,906.511,85.794,48216.4,86.124,48276.6,5.0,8.8%,1
564,110.4171247618,-7.5928168388,916.034,85.794,48302.2,86.321,48362.9,6.3,11.1%,1
565,110.4175260765,-7.5921524128,928.157,85.794,48388,86.647,48449.5,8.0,14.1%,1
566,110.4179273900,-7.5914879864,926.499,85.794,48473.8,85.81,48535.4,1.1,1.9%,1
567,110.4183287023,-7.5908235595,925.242,85.794,48559.6,85.804,48621.2,0.8,1.5%,1
568,110.4187300134,-7.5901591323,940.954,85.794,48645.4,87.221,48708.4,10.4,18.3%,1
569,110.4191313232,-7.5894947047,943.788,85.794,48731.2,85.841,48794.2,1.9,3.3%,1
570,110.4195326318,-7.5888302767,953.537,85.794,48817,86.346,48880.6,6.5,11.4%,1
571,110.4199339391,-7.5881658484,952.633,85.794,48902.8,85.799,48966.4,0.6,1.1%,1
572,110.4203352453,-7.5875014196,965.356,85.794,48988.6,86.733,49053.1,8.4,14.8%,1
573,110.4207365502,-7.5868369904,965.246,85.794,49074.4,85.794,49138.9,0.1,0.1%,1
574,110.4211378538,-7.5861725609,970.907,85.794,49160.2,85.981,49224.9,3.8,6.6%,1
575,110.4215391562,-7.5855081309,987.313,85.794,49246,87.349,49312.2,10.8,19.1%,1
576,110.4219404574,-7.5848437006,1019.387,85.794,49331.8,91.594,49403.8,20.5,37.4%,1
577,110.4223417574,-7.5841792699,1142.974,85.794,49417.5,150.45,49554.3,55.2,144.1%,1
578,110.4227430561,-7.5835148388,1193.579,85.794,49503.3,99.607,49653.9,30.5,59.0%,1
579,110.4231443536,-7.5828504073,1249.831,85.794,49589.1,102.59,49756.5,33.3,65.6%,1
580,110.4235456499,-7.5821859754,1205.514,85.794,49674.9,96.564,49853,27.3,51.7%,1
581,110.4239469450,-7.5815215431,1171.165,85.794,49760.7,92.415,49945.4,21.8,40.0%,1
582,110.4243482388,-7.5808571104,1163.088,85.794,49846.5,86.174,50031.6,5.4,9.4%,1
583,110.4247495314,-7.5801926774,1150.135,85.794,49932.3,86.767,50118.4,8.6,15.1%,1
584,110.4251508227,-7.5795282439,1133.331,85.794,50018.1,87.424,50205.8,11.1,19.6%,1
585,110.4255521128,-7.5788638101,1125.054,85.794,50103.9,86.193,50292,5.5,9.6%,1
586,110.4259534017,-7.5781993758,1097.015,85.794,50189.7,90.26,50382.3,18.1,32.7%,1
587,110.4263546894,-7.5775349412,1119.07,85.794,50275.5,88.584,50470.8,14.4,25.7%,1
588,110.4267559758,-7.5768705062,1159.345,85.794,50361.3,94.777,50565.6,25.1,46.9%,1
589,110.4271572610,-7.5762060708,1185.557,85.794,50447.1,89.709,50655.3,17.0,30.6%,1
590,110.4275585450,-7.5755416350,1193.846,85.794,50532.9,86.194,50741.5,5.5,9.7%,1
591,110.4279598277,-7.5748771988,1193.318,85.794,50618.7,85.796,50827.3,0.4,0.6%,1
592,110.4283611092,-7.5742127622,1200.97,85.794,50704.5,86.135,50913.5,5.1,8.9%,1
593,110.4287623895,-7.5735483253,1199.704,85.794,50790.3,85.804,50999.3,0.8,1.5%,1
594,110.4291636686,-7.5728838879,1215.381,85.794,50876.1,87.215,51086.5,10.4,18.3%,1
595,110.4295649464,-7.5722194502,1243.244,85.794,50961.8,90.205,51176.7,18.0,32.5%,1
596,110.4299662230,-7.5715550120,1254.308,85.794,51047.6,86.505,51263.2,7.3,12.9%,1
597,110.4303674983,-7.5708905735,1267.094,85.794,51133.4,86.742,51349.9,8.5,14.9%,1
598,110.4307687725,-7.5702261346,1297.036,85.794,51219.2,90.869,51440.8,19.2,34.9%,1
599,110.4311700454,-7.5695616953,1325.53,85.794,51305,90.402,51531.2,18.4,33.2%,1
600,110.4315713171,-7.5688972556,1346.162,85.794,51390.8,88.24,51619.4,13.5,24.0%,1
601,110.4319725875,-7.5682328155,1364.432,85.794,51476.6,87.718,51707.2,12.0,21.3%,1
602,110.4323738567,-7.5675683750,1369.68,85.794,51562.4,85.955,51793.1,3.5,6.1%,1
603,110.4327751247,-7.5669039342,1353.834,85.794,51648.2,87.245,51880.4,10.5,18.5%,1
604,110.4331763915,-7.5662394929,1376.183,85.794,51734,88.658,51969,14.6,26.0%,1
605,110.4335776570,-7.5655750513,1433.307,85.794,51819.8,103.07,52072.1,33.7,66.6%,1
606,110.4339789213,-7.5649106092,1455.03,85.794,51905.6,88.502,52160.6,14.2,25.3%,1
607,110.4343801844,-7.5642461668,1469.629,85.794,51991.4,87.028,52247.6,9.7,17.0%,1
608,110.4347814463,-7.5635817240,1489.849,85.794,52077.2,88.145,52335.8,13.3,23.6%,1
609,110.4351827069,-7.5629172808,1524.2,85.794,52163,92.416,52428.2,21.8,40.0%,1
610,110.4355839663,-7.5622528372,1549.023,85.794,52248.8,89.313,52517.5,16.1,28.9%,1
611,110.4359852245,-7.5615883933,1563.964,85.794,52334.6,87.086,52604.6,9.9,17.4%,1
612,110.4363864814,-7.5609239489,1584.299,85.794,52420.3,88.171,52692.7,13.3,23.7%,1
613,110.4367877371,-7.5602595041,1596.184,85.794,52506.1,86.614,52779.4,7.9,13.9%,1
614,110.4371889916,-7.5595950590,1617.387,85.794,52591.9,88.376,52867.7,13.9,24.7%,1
615,110.4375902449,-7.5589306135,1633.505,85.794,52677.7,87.295,52955,10.6,18.8%,1
616,110.4379914969,-7.5582661675,1669.948,85.794,52763.5,93.213,53048.2,23.0,42.5%,1
617,110.4383927477,-7.5576017212,1708.897,85.794,52849.3,94.221,53142.5,24.4,45.4%,1
618,110.4387939973,-7.5569372745,1752.278,85.794,52935.1,96.138,53238.6,26.8,50.6%,1
619,110.4391952457,-7.5562728274,1784.611,85.794,53020.9,91.685,53330.3,20.6,37.7%,1
620,110.4395964928,-7.5556083800,1812.27,85.794,53106.7,90.143,53420.4,17.9,32.2%,1
621,110.4399977387,-7.5549439321,1839.998,85.794,53192.5,90.164,53510.6,17.9,32.3%,1
622,110.4403989834,-7.5542794838,1874.498,85.794,53278.3,92.471,53603.1,21.9,40.2%,1
623,110.4408002268,-7.5536150352,1925.923,85.794,53364.1,100.03,53703.1,30.9,59.9%,1
624,110.4412014691,-7.5529505862,1983.756,85.794,53449.9,103.47,53806.6,34.0,67.4%,1
625,110.4416027101,-7.5522861367,2027.602,85.794,53535.7,96.349,53902.9,27.1,51.1%,1
626,110.4420039498,-7.5516216869,2076.719,85.794,53621.5,98.859,54001.8,29.8,57.2%,1
627,110.4424051884,-7.5509572367,2124.322,85.794,53707.3,98.116,54099.9,29.0,55.5%,1
628,110.4428064257,-7.5502927861,2171.619,85.794,53793.1,97.968,54197.9,28.9,55.1%,1
629,110.4432076618,-7.5496283352,2236.439,85.794,53878.9,107.53,54305.4,37.1,75.6%,1
630,110.4436088967,-7.5489638838,2294.332,85.794,53964.6,103.5,54408.9,34.0,67.5%,1
631,110.4440101303,-7.5482994320,2354.304,85.794,54050.4,104.68,54513.6,35.0,69.9%,1
632,110.4444113627,-7.5476349799,2417.881,85.794,54136.2,106.78,54620.3,36.5,74.1%,1
633,110.4448125939,-7.5469705274,2484.419,85.794,54222,108.57,54728.9,37.8,77.6%,1
634,110.4452138239,-7.5463060744,2545.799,85.794,54307.8,105.49,54834.4,35.6,71.5%,1
635,110.4456150527,-7.5456416211,2607.168,85.794,54393.6,105.48,54939.9,35.6,71.5%,1
636,110.4460162802,-7.5449771674,2664.437,85.794,54479.4,103.15,55043,33.7,66.8%,1
637,110.4464175065,-7.5443127134,2719.226,85.794,54565.2,101.8,55144.8,32.6,63.9%,1
638,110.4468187316,-7.5436482589,2763.308,85.794,54651,96.456,55241.3,27.2,51.4%,1
639,110.4472199554,-7.5429838040,2803.221,85.794,54736.8,94.624,55335.9,24.9,46.5%,1
640,110.4476211780,-7.5423193488,2838.645,85.794,54822.6,92.82,55428.7,22.4,41.3%,1
641,110.4480223994,-7.5416548931,2858.293,85.794,54908.4,88.016,55516.8,12.9,22.9%,1
642,110.4484236196,-7.5409904371,2836.644,85.794,54994.2,88.484,55605.2,14.2,25.2%,1
643,110.4488248386,-7.5403259807,2811.933,85.794,55080,89.282,55694.5,16.1,28.8%,1
644,110.4492260563,-7.5396615239,2713.703,85.794,55165.8,130.42,55824.9,48.9,114.5%,1
645,110.4496272728,-7.5389970667,2681.338,85.794,55251.6,91.696,55916.6,20.7,37.7%,1
646,110.4500284881,-7.5383326091,2656.982,85.794,55337.4,89.185,56005.8,15.8,28.4%,1
647,110.4504297022,-7.5376681512,2645.966,85.794,55423.2,86.499,56092.3,7.3,12.8%,1
648,110.4508309150,-7.5370036928,2644.567,85.794,55508.9,85.806,56178.1,0.9,1.6%,1
649,110.4512321266,-7.5363392341,2645.364,85.794,55594.7,85.798,56263.9,0.5,0.9%,1
650,110.4516333370,-7.5356747750,2600.823,85.794,55680.5,96.667,56360.6,27.4,51.9%,1
651,110.4520345462,-7.5350103154,2544.121,85.794,55766.3,102.84,56463.4,33.5,66.1%,1
652,110.4524357541,-7.5343458555,2502.705,85.794,55852.1,95.268,56558.7,25.8,48.3%,1
653,110.4528369608,-7.5336813952,2456.601,85.794,55937.9,97.397,56656.1,28.3,53.7%,1
654,110.4532381663,-7.5330169346,2437.069,85.794,56023.7,87.99,56744.1,12.8,22.8%,1
655,110.4536393706,-7.5323524735,2455.644,85.794,56109.5,87.782,56831.9,12.2,21.6%,1
656,110.4540405737,-7.5316880120,2465.949,85.794,56195.3,86.411,56918.3,6.8,12.0%,1
657,110.4544417755,-7.5310235502,2426.635,85.794,56281.1,94.373,57012.6,24.6,45.8%,1
658,110.4548429761,-7.5303590880,2395.595,85.794,56366.9,91.237,57103.9,19.9,36.2%,1
659,110.4552441755,-7.5296946253,2373.445,85.794,56452.7,88.608,57192.5,14.5,25.8%,1
660,110.4556453737,-7.5290301623,2340.111,85.794,56538.5,92.042,57284.5,21.2,38.9%,1
661,110.4560465706,-7.5283656990,2301.053,85.794,56624.3,94.267,57378.8,24.5,45.5%,1
662,110.4564477663,-7.5277012352,2231.085,85.794,56710.1,110.71,57489.5,39.2,81.6%,1
663,110.4568489608,-7.5270367710,2199.02,85.794,56795.9,91.591,57581.1,20.5,37.4%,1
664,110.4572501541,-7.5263723064,2154.589,85.794,56881.7,96.617,57677.7,27.4,51.8%,1
665,110.4576513462,-7.5257078415,2109.802,85.794,56967.4,96.781,57774.5,27.6,52.2%,1
666,110.4580525370,-7.5250433762,2092.763,85.794,57053.2,87.47,57862,11.2,19.9%,1
667,110.4584537266,-7.5243789105,2065.492,85.794,57139,90.024,57952,17.6,31.8%,1
668,110.4588549150,-7.5237144444,2040.506,85.794,57224.8,89.359,58041.4,16.2,29.1%,1
669,110.4592561022,-7.5230499779,2008.962,85.794,57310.6,91.41,58132.8,20.2,36.8%,1
670,110.4596572881,-7.5223855110,1958.457,85.794,57396.4,99.556,58232.3,30.5,58.9%,1
671,110.4600584729,-7.5217210437,1905.574,85.794,57482.2,100.78,58333.1,31.6,61.6%,1
672,110.4604596564,-7.5210565761,1870.984,85.794,57568,92.505,58425.6,22.0,40.3%,1
673,110.4608608387,-7.5203921080,1825.327,85.794,57653.8,97.186,58522.8,28.0,53.2%,1
674,110.4612620198,-7.5197276396,1780.112,85.794,57739.6,96.98,58619.8,27.8,52.7%,1
675,110.4616631996,-7.5190631708,1774.084,85.794,57825.4,86.006,58705.8,4.0,7.0%,1
676,110.4620643782,-7.5183987016,1758.581,85.794,57911.2,87.184,58793,10.2,18.1%,1
677,110.4624655556,-7.5177342320,1738.366,85.794,57997,88.144,58881.1,13.3,23.6%,1
678,110.4628667318,-7.5170697620,1716.564,85.794,58082.8,88.521,58969.6,14.3,25.4%,1
679,110.4632679068,-7.5164052917,1698.196,85.794,58168.6,87.739,59057.4,12.1,21.4%,1
680,110.4636690806,-7.5157408209,1680.168,85.794,58254.4,87.668,59145,11.9,21.0%,1
681,110.4640702531,-7.5150763498,1658.871,85.794,58340.2,88.398,59233.4,13.9,24.8%,1
682,110.4644714244,-7.5144118783,1641.662,85.794,58426,87.503,59320.9,11.3,20.1%,1
683,110.4648725945,-7.5137474064,1618.829,85.794,58511.7,88.781,59409.7,14.9,26.6%,1
684,110.4652737634,-7.5130829341,1603.453,85.794,58597.5,87.161,59496.9,10.2,17.9%,1
685,110.4656749310,-7.5124184614,1591.861,85.794,58683.3,86.574,59583.4,7.7,13.5%,1
686,110.4660760975,-7.5117539883,1578.126,85.794,58769.1,86.887,59670.3,9.1,16.0%,1
687,110.4664772627,-7.5110895149,1562.547,85.794,58854.9,87.197,59757.5,10.3,18.2%,1
688,110.4668784267,-7.5104250410,1550.541,85.794,58940.7,86.63,59844.2,8.0,14.0%,1
689,110.4672795895,-7.5097605668,1538.272,85.794,59026.5,86.667,59930.8,8.1,14.3%,1
690,110.4676807510,-7.5090960922,1512.967,85.794,59112.3,89.449,60020.3,16.4,29.5%,1
691,110.4680819114,-7.5084316172,1477.974,85.794,59198.1,92.656,60112.9,22.2,40.8%,1
692,110.4684830705,-7.5077671418,1496.19,85.794,59283.9,87.707,60200.6,12.0,21.2%,1
693,110.4688842284,-7.5071026660,1503.825,85.794,59369.7,86.133,60286.8,5.1,8.9%,1
694,110.4692853851,-7.5064381899,1502.49,85.794,59455.5,85.805,60372.6,0.9,1.6%,1
695,110.4696865406,-7.5057737133,1492.824,85.794,59541.3,86.337,60458.9,6.4,11.3%,1
696,110.4700876948,-7.5051092364,1479.749,85.794,59627.1,86.785,60545.7,8.7,15.2%,1
697,110.4704888479,-7.5044447591,1473.687,85.794,59712.9,86.008,60631.7,4.0,7.1%,1
698,110.4708899997,-7.5037802814,1451.429,85.794,59798.7,88.635,60720.3,14.5,25.9%,1
699,110.4712911503,-7.5031158033,1476.608,85.794,59884.5,89.413,60809.8,16.4,29.3%,1
700,110.4716922997,-7.5024513248,1481.083,85.794,59970.3,85.911,60895.7,3.0,5.2%,1
701,110.4720934478,-7.5017868460,1475.529,85.794,60056,85.974,60981.6,3.7,6.5%,1
702,110.4724945948,-7.5011223667,1476.878,85.794,60141.8,85.805,61067.4,0.9,1.6%,1
703,110.4728957405,-7.5004578871,1471.726,85.794,60227.6,85.949,61153.4,3.4,6.0%,1
704,110.4732968850,-7.4997934071,1469.137,85.794,60313.4,85.833,61239.2,1.7,3.0%,1
705,110.4736980283,-7.4991289267,1469.51,85.794,60399.2,85.795,61325,0.2,0.4%,1
706,110.4740991704,-7.4984644459,1454.549,85.794,60485,87.089,61412.1,9.9,17.4%,1
707,110.4745003113,-7.4977999647,1449.721,85.794,60570.8,85.93,61498,3.2,5.6%,1
708,110.4749014509,-7.4971354831,1464.153,85.794,60656.6,87,61585,9.5,16.8%,1
709,110.4753025893,-7.4964710012,1458.696,85.794,60742.4,85.968,61671,3.6,6.4%,1
710,110.4757037265,-7.4958065188,1434.992,85.794,60828.2,89.009,61760,15.4,27.6%,1
711,110.4761048625,-7.4951420361,1456.342,85.794,60914,88.411,61848.4,14.0,24.9%,1
712,110.4765059973,-7.4944775530,1470.428,85.794,60999.8,86.943,61935.4,9.3,16.4%,1
713,110.4769071309,-7.4938130695,1462.676,85.794,61085.6,86.144,62021.5,5.2,9.0%,1
714,110.4773082632,-7.4931485857,1457.509,85.794,61171.4,85.95,62107.5,3.4,6.0%,1
715,110.4777093944,-7.4924841014,1443.552,85.794,61257.2,86.922,62194.4,9.2,16.3%,1
716,110.4781105243,-7.4918196168,1438.235,85.794,61343,85.959,62280.3,3.5,6.2%,1
717,110.4785116530,-7.4911551317,1455.685,85.794,61428.8,87.551,62367.9,11.5,20.3%,1
718,110.4789127805,-7.4904906463,1463.128,85.794,61514.5,86.117,62454,5.0,8.7%,1
719,110.4793139068,-7.4898261605,1470.577,85.794,61600.3,86.117,62540.1,5.0,8.7%,1
720,110.4797150318,-7.4891616743,1464.224,85.794,61686.1,86.029,62626.2,4.2,7.4%,1
721,110.4801161557,-7.4884971877,1445.767,85.794,61771.9,87.757,62713.9,12.1,21.5%,1
722,110.4805172783,-7.4878327008,1429.253,85.794,61857.7,87.369,62801.3,10.9,19.2%,1
723,110.4809183997,-7.4871682134,1414.15,85.794,61943.5,87.114,62888.4,10.0,17.6%,1
724,110.4813195199,-7.4865037257,1384.755,85.794,62029.3,90.691,62979.1,18.9,34.3%,1
725,110.4817206389,-7.4858392376,1374.792,85.794,62115.1,86.371,63065.5,6.6,11.6%,1
726,110.4821217567,-7.4851747491,1372.325,85.794,62200.9,85.83,63151.3,1.6,2.9%,1
727,110.4825228732,-7.4845102602,1370.621,85.794,62286.7,85.811,63237.1,1.1,2.0%,1
728,110.4829239886,-7.4838457709,1364.008,85.794,62372.5,86.049,63323.2,4.4,7.7%,1
729,110.4833251027,-7.4831812813,1340.73,85.794,62458.3,88.896,63412.1,15.2,27.1%,1
730,110.4837262156,-7.4825167912,1344.273,85.794,62544.1,85.867,63497.9,2.4,4.1%,1
731,110.4841273273,-7.4818523008,1331.2,85.794,62629.9,86.785,63584.7,8.7,15.2%,1
732,110.4845284378,-7.4811878100,1309.11,85.794,62715.7,88.592,63673.3,14.4,25.7%,1
733,110.4849295470,-7.4805233188,1286.005,85.794,62801.5,88.851,63762.1,15.1,26.9%,1
734,110.4853306551,-7.4798588272,1269.521,85.794,62887.3,87.363,63849.5,10.9,19.2%,1
735,110.4857317619,-7.4791943353,1267.756,85.794,62973.1,85.813,63935.3,1.2,2.1%,1
736,110.4861328676,-7.4785298429,1277.776,85.794,63058.8,86.378,64021.7,6.7,11.7%,1
737,110.4865339720,-7.4778653502,1268.294,85.794,63144.6,86.317,64108,6.3,11.1%,1
738,110.4869350752,-7.4772008571,1257.483,85.794,63230.4,86.473,64194.5,7.2,12.6%,1
739,110.4873361772,-7.4765363636,1256.168,85.794,63316.2,85.804,64280.3,0.9,1.5%,1
740,110.4877372780,-7.4758718697,1237.514,85.794,63402,87.799,64368.1,12.3,21.7%,1
741,110.4881383775,-7.4752073754,1216.862,85.794,63487.8,88.245,64456.3,13.5,24.1%,1
742,110.4885394759,-7.4745428807,1216.023,85.794,63573.6,85.798,64542.1,0.6,1.0%,1
743,110.4889405730,-7.4738783857,1215.915,85.794,63659.4,85.794,64627.9,0.1,0.1%,1
744,110.4893416690,-7.4732138903,1235.18,85.794,63745.2,87.931,64715.9,12.7,22.5%,1
745,110.4897427637,-7.4725493945,1234.47,85.794,63831,85.797,64801.7,0.5,0.8%,1
746,110.4901438572,-7.4718848983,1240.51,85.794,63916.8,86.007,64887.7,4.0,7.0%,1
747,110.4905449495,-7.4712204017,1234.373,85.794,64002.6,86.014,64973.7,4.1,7.2%,1
748,110.4909460405,-7.4705559047,1208.76,85.794,64088.4,89.536,65063.2,16.6,29.9%,1
749,110.4913471304,-7.4698914074,1191.229,85.794,64174.2,87.567,65150.8,11.5,20.4%,1
750,110.4917482191,-7.4692269096,1175.404,85.794,64260,87.242,65238,10.5,18.4%,1
751,110.4921493065,-7.4685624115,1169.74,85.794,64345.8,85.981,65324,3.8,6.6%,1
752,110.4925503927,-7.4678979130,1149.72,85.794,64431.6,88.099,65412.1,13.1,23.3%,1
753,110.4929514778,-7.4672334141,1133.951,85.794,64517.4,87.232,65499.3,10.4,18.4%,1
754,110.4933525616,-7.4665689149,1128.455,85.794,64603.1,85.97,65585.3,3.7,6.4%,1
755,110.4937536442,-7.4659044152,1122.405,85.794,64688.9,86.007,65671.3,4.0,7.1%,1
756,110.4941547255,-7.4652399152,1107.859,85.794,64774.7,87.019,65758.3,9.6,17.0%,1
757,110.4945558057,-7.4645754148,1095.802,85.794,64860.5,86.637,65845,8.0,14.1%,1
758,110.4949568847,-7.4639109140,1091.739,85.794,64946.3,85.89,65930.9,2.7,4.7%,1
759,110.4953579624,-7.4632464128,1087.224,85.794,65032.1,85.913,66016.8,3.0,5.3%,1
760,110.4957590390,-7.4625819112,1081.581,85.794,65117.9,85.98,66102.8,3.8,6.6%,1
761,110.4961601143,-7.4619174092,1077.63,85.794,65203.7,85.885,66188.6,2.6,4.6%,1
762,110.4965611884,-7.4612529069,1074.937,85.794,65289.5,85.837,66274.5,1.8,3.1%,1
763,110.4969622613,-7.4605884042,1065.375,85.794,65375.3,86.326,66360.8,6.4,11.1%,1
764,110.4973633331,-7.4599239011,1054.602,85.794,65461.1,86.468,66447.3,7.2,12.6%,1
765,110.4977644035,-7.4592593976,1046.668,85.794,65546.9,86.16,66533.4,5.3,9.2%,1
766,110.4981654728,-7.4585948937,1048.234,85.794,65632.7,85.809,66619.2,1.0,1.8%,1
767,110.4985665409,-7.4579303894,1052.243,85.794,65718.5,85.888,66705.1,2.7,4.7%,1
768,110.4989676078,-7.4572658848,1043.59,85.794,65804.3,86.23,66791.4,5.8,10.1%,1
769,110.4993686734,-7.4566013798,1042.808,85.794,65890.1,85.798,66877.2,0.5,0.9%,1
770,110.4997697378,-7.4559368744,1043.147,85.794,65975.9,85.795,66962.9,0.2,0.4%,1
771,110.5001708011,-7.4552723686,1042.54,85.794,66061.7,85.796,67048.7,0.4,0.7%,1
772,110.5005718631,-7.4546078624,1040.658,85.794,66147.4,85.815,67134.6,1.3,2.2%,1
773,110.5009729239,-7.4539433558,1034.186,85.794,66233.2,86.038,67220.6,4.3,7.5%,1
774,110.5013739835,-7.4532788489,1024.293,85.794,66319,86.363,67307,6.6,11.5%,1
775,110.5017750419,-7.4526143416,1020.241,85.794,66404.8,85.89,67392.9,2.7,4.7%,1
776,110.5021760991,-7.4519498338,1011.211,85.794,66490.6,86.268,67479.1,6.0,10.5%,1
777,110.5025771551,-7.4512853258,1002.525,85.794,66576.4,86.233,67565.4,5.8,10.1%,1
778,110.5029782099,-7.4506208173,998.005,85.794,66662.2,85.913,67651.3,3.0,5.3%,1
779,110.5033792634,-7.4499563084,987.52,85.794,66748,86.433,67737.7,7.0,12.2%,1
780,110.5037803158,-7.4492917992,983.838,85.794,66833.8,85.873,67823.6,2.5,4.3%,1
781,110.5041813669,-7.4486272895,977.953,85.794,66919.6,85.996,67909.6,3.9,6.9%,1
782,110.5045824168,-7.4479627795,971.005,85.794,67005.4,86.075,67995.6,4.6,8.1%,1
783,110.5049834656,-7.4472982691,962.29,85.794,67091.2,86.236,68081.9,5.8,10.2%,1
784,110.5053845131,-7.4466337584,953.215,85.794,67177,86.273,68168.2,6.0,10.6%,1
785,110.5057855594,-7.4459692472,937.575,85.794,67262.8,87.208,68255.4,10.3,18.2%,1
786,110.5061866045,-7.4453047357,929.889,85.794,67348.6,86.138,68341.5,5.1,9.0%,1
787,110.5065876484,-7.4446402237,920.843,85.794,67434.4,86.27,68427.8,6.0,10.5%,1
788,110.5069886911,-7.4439757114,918.106,85.794,67520.2,85.838,68513.6,1.8,3.2%,1
789,110.5073897326,-7.4433111987,913.586,85.794,67605.9,85.913,68599.5,3.0,5.3%,1
790,110.5077907729,-7.4426466857,902.853,85.794,67691.7,86.463,68686,7.1,12.5%,1
791,110.5081918119,-7.4419821722,900.393,85.794,67777.5,85.83,68771.8,1.6,2.9%,1
792,110.5085928498,-7.4413176584,898.305,85.794,67863.3,85.82,68857.6,1.4,2.4%,1
793,110.5089938864,-7.4406531441,892.16,85.794,67949.1,86.014,68943.6,4.1,7.2%,1
794,110.5093949219,-7.4399886295,882.357,85.794,68034.9,86.353,69030,6.5,11.4%,1
795,110.5097959561,-7.4393241146,882.548,85.794,68120.7,85.795,69115.8,0.1,0.2%,1
796,110.5101969892,-7.4386595992,881.996,85.794,68206.5,85.796,69201.6,0.4,0.6%,1
797,110.5105980210,-7.4379950834,877.672,85.794,68292.3,85.903,69287.5,2.9,5.0%,1
798,110.5109990516,-7.4373305673,872.391,85.794,68378.1,85.957,69373.4,3.5,6.2%,1
799,110.5114000810,-7.4366660508,867.821,85.794,68463.9,85.916,69459.4,3.0,5.3%,1
800,110.5118011092,-7.4360015339,854.923,85.794,68549.7,86.758,69546.1,8.5,15.0%,1
801,110.5122021362,-7.4353370166,852.373,85.794,68635.5,85.832,69632,1.7,3.0%,1
802,110.5126031620,-7.4346724989,844.966,85.794,68721.3,86.114,69718.1,4.9,8.6%,1
803,110.5130041866,-7.4340079809,838.323,85.794,68807.1,86.051,69804.1,4.4,7.7%,1
804,110.5134052100,-7.4333434624,832.343,85.794,68892.9,86.003,69890.1,4.0,7.0%,1
805,110.5138062322,-7.4326789436,823.212,85.794,68978.7,86.279,69976.4,6.1,10.6%,1
806,110.5142072531,-7.4320144244,819.31,85.794,69064.5,85.883,70062.3,2.6,4.5%,1
807,110.5146082729,-7.4313499049,815.357,85.794,69150.2,85.885,70148.2,2.6,4.6%,1
808,110.5150092914,-7.4306853849,813.3,85.794,69236,85.819,70234,1.4,2.4%,1
809,110.5154103088,-7.4300208646,806.922,85.794,69321.8,86.031,70320,4.3,7.4%,1
810,110.5158113250,-7.4293563438,807.391,85.794,69407.6,85.796,70405.8,0.3,0.5%,1
811,110.5162123399,-7.4286918227,802.741,85.794,69493.4,85.92,70491.7,3.1,5.4%,1
812,110.5166133536,-7.4280273012,798.805,85.794,69579.2,85.885,70577.6,2.6,4.6%,1
813,110.5170143662,-7.4273627794,789.758,85.794,69665,86.27,70663.9,6.0,10.5%,1
814,110.5174153775,-7.4266982571,785.916,85.794,69750.8,85.88,70749.8,2.6,4.5%,1
815,110.5178163876,-7.4260337345,777.062,85.794,69836.6,86.25,70836,5.9,10.3%,1
816,110.5182173965,-7.4253692115,776.417,85.794,69922.4,85.797,70921.8,0.4,0.8%,1
817,110.5186184043,-7.4247046881,768.002,85.794,70008.2,86.206,71008,5.6,9.8%,1
818,110.5190194108,-7.4240401643,768.772,85.794,70094,85.798,71093.8,0.5,0.9%,1
819,110.5194204161,-7.4233756401,764.9,85.794,70179.8,85.882,71179.7,2.6,4.5%,1
820,110.5198214202,-7.4227111156,757.046,85.794,70265.6,86.153,71265.9,5.2,9.2%,1
821,110.5202224231,-7.4220465907,753.567,85.794,70351.4,85.865,71351.7,2.3,4.1%,1
822,110.5206234248,-7.4213820653,748.725,85.794,70437.2,85.931,71437.7,3.2,5.6%,1
823,110.5210244253,-7.4207175397,745,85.794,70523,85.875,71523.5,2.5,4.3%,1
824,110.5214254246,-7.4200530136,741.108,85.794,70608.8,85.883,71609.4,2.6,4.5%,1
825,110.5218264227,-7.4193884871,741.365,85.794,70694.5,85.795,71695.2,0.2,0.3%,1
826,110.5222274195,-7.4187239603,736.03,85.794,70780.3,85.96,71781.2,3.6,6.2%,1
827,110.5226284152,-7.4180594331,736.483,85.794,70866.1,85.796,71867,0.3,0.5%,1
828,110.5230294097,-7.4173949055,733,85.794,70951.9,85.865,71952.8,2.3,4.1%,1
829,110.5234304030,-7.4167303775,733.779,85.794,71037.7,85.798,72038.6,0.5,0.9%,1
830,110.5238313950,-7.4160658492,729.881,85.794,71123.5,85.883,72124.5,2.6,4.5%,1
831,110.5242323859,-7.4154013204,730.478,85.794,71209.3,85.796,72210.3,0.4,0.7%,1
832,110.5246333756,-7.4147367913,733.105,85.794,71295.1,85.835,72296.1,1.8,3.1%,1
833,110.5250343640,-7.4140722618,723.91,85.794,71380.9,86.286,72382.4,6.1,10.7%,1
834,110.5254353513,-7.4134077319,711.951,85.794,71466.7,86.624,72469,7.9,13.9%,1
835,110.5258363374,-7.4127432016,723.659,85.794,71552.5,86.59,72555.6,7.8,13.6%,1
836,110.5262373222,-7.4120786710,718.186,85.794,71638.3,85.969,72641.6,3.7,6.4%,1
837,110.5266383059,-7.4114141400,726.525,85.794,71724.1,86.199,72727.8,5.6,9.7%,1
838,110.5270392883,-7.4107496086,737.323,85.794,71809.9,86.471,72814.3,7.2,12.6%,1
839,110.5274402696,-7.4100850768,748.585,85.794,71895.7,86.53,72900.8,7.5,13.1%,1
840,110.5278412496,-7.4094205446,760.799,85.794,71981.5,86.659,72987.5,8.1,14.2%,1
841,110.5282422285,-7.4087560120,766.406,85.794,72067.3,85.977,73073.4,3.7,6.5%,1
842,110.5286432061,-7.4080914791,773.54,85.794,72153,86.09,73159.5,4.8,8.3%,1
843,110.5290441826,-7.4074269458,773.232,85.794,72238.8,85.795,73245.3,0.2,0.4%,1
844,110.5294451578,-7.4067624121,772.655,85.794,72324.6,85.796,73331.1,0.4,0.7%,1
845,110.5298461318,-7.4060978780,772.446,85.794,72410.4,85.795,73416.9,0.1,0.2%,1
846,110.5302471047,-7.4054333436,776.721,85.794,72496.2,85.901,73502.8,2.9,5.0%,1
847,110.5306480763,-7.4047688087,776.112,85.794,72582,85.797,73588.6,0.4,0.7%,1
848,110.5310490468,-7.4041042735,776.876,85.794,72667.8,85.798,73674.4,0.5,0.9%,1
849,110.5314500160,-7.4034397379,777.44,85.794,72753.6,85.796,73760.2,0.4,0.7%,1
850,110.5318509840,-7.4027752019,783.339,85.794,72839.4,85.997,73846.2,3.9,6.9%,1
851,110.5322519509,-7.4021106656,784.684,85.794,72925.2,85.805,73932,0.9,1.6%,1
852,110.5326529165,-7.4014461288,786.895,85.794,73011,85.823,74017.8,1.5,2.6%,1
853,110.5330538810,-7.4007815917,789.192,85.794,73096.8,85.825,74103.7,1.5,2.7%,1
854,110.5334548442,-7.4001170542,788.645,85.794,73182.6,85.796,74189.5,0.4,0.6%,1
855,110.5338558062,-7.3994525163,788.604,85.794,73268.4,85.794,74275.2,0.0,0.0%,1
856,110.5342567671,-7.3987879780,789.223,85.794,73354.2,85.797,74361,0.4,0.7%,1
857,110.5346577267,-7.3981234394,792.314,85.794,73440,85.85,74446.9,2.1,3.6%,1
858,110.5350586851,-7.3974589004,802.248,85.794,73525.8,86.367,74533.3,6.6,11.6%,1
859,110.5354596424,-7.3967943610,809.78,85.794,73611.6,86.124,74619.4,5.0,8.8%,1
860,110.5358605984,-7.3961298212,814.915,85.794,73697.3,85.948,74705.3,3.4,6.0%,1
861,110.5362615532,-7.3954652810,809.294,85.794,73783.1,85.978,74791.3,3.7,6.6%,1
862,110.5366625069,-7.3948007405,808.726,85.794,73868.9,85.796,74877.1,0.4,0.7%,1
863,110.5370634593,-7.3941361995,803.953,85.794,73954.7,85.927,74963,3.2,5.6%,1
864,110.5374644106,-7.3934716582,800.064,85.794,74040.5,85.882,75048.9,2.6,4.5%,1
865,110.5378653606,-7.3928071165,799.178,85.794,74126.3,85.799,75134.7,0.6,1.0%,1
866,110.5382663095,-7.3921425745,796.713,85.794,74212.1,85.83,75220.5,1.6,2.9%,1
867,110.5386672571,-7.3914780320,786.907,85.794,74297.9,86.353,75306.9,6.5,11.4%,1
868,110.5390682035,-7.3908134892,762.648,85.794,74383.7,89.158,75396.1,15.8,28.3%,1
869,110.5394691488,-7.3901489460,742.51,85.794,74469.5,88.126,75484.2,13.2,23.5%,1
870,110.5398700928,-7.3894844024,732.491,85.794,74555.3,86.377,75570.6,6.7,11.7%,1
871,110.5402710357,-7.3888198584,722.515,85.794,74641.1,86.372,75656.9,6.6,11.6%,1
872,110.5406719773,-7.3881553141,714.987,85.794,74726.9,86.124,75743.1,5.0,8.8%,1
873,110.5410729178,-7.3874907694,704.412,85.794,74812.7,86.444,75829.5,7.0,12.3%,1
874,110.5414738571,-7.3868262243,696.268,85.794,74898.5,86.18,75915.7,5.4,9.5%,1
875,110.5418747951,-7.3861616788,691.321,85.794,74984.3,85.937,76001.6,3.3,5.8%,1
876,110.5422757320,-7.3854971329,679.322,85.794,75070.1,86.629,76088.2,8.0,14.0%,1
877,110.5426766676,-7.3848325867,685.397,85.794,75155.9,86.009,76174.3,4.1,7.1%,1
878,110.5430776021,-7.3841680400,695.732,85.794,75241.6,86.415,76260.7,6.9,12.0%,1
879,110.5434785354,-7.3835034930,689.255,85.794,75327.4,86.038,76346.7,4.3,7.5%,1
880,110.5438794674,-7.3828389456,682.484,85.794,75413.2,86.061,76432.8,4.5,7.9%,1
881,110.5442803983,-7.3821743979,669.86,85.794,75499,86.718,76519.5,8.4,14.7%,1
882,110.5446813280,-7.3815098497,660.365,85.794,75584.8,86.318,76605.8,6.3,11.1%,1
883,110.5450822565,-7.3808453012,655.777,85.794,75670.6,85.917,76691.7,3.1,5.3%,1
884,110.5454831838,-7.3801807523,654.959,85.794,75756.4,85.798,76777.5,0.5,1.0%,1
885,110.5458841098,-7.3795162030,656.376,85.794,75842.2,85.806,76863.3,0.9,1.7%,1
886,110.5462850347,-7.3788516534,661.944,85.794,75928,85.975,76949.3,3.7,6.5%,1
887,110.5466859584,-7.3781871033,665.49,85.794,76013.8,85.868,77035.2,2.4,4.1%,1
888,110.5470868809,-7.3775225529,661.608,85.794,76099.6,85.882,77121.1,2.6,4.5%,1
889,110.5474878022,-7.3768580021,659.29,85.794,76185.4,85.826,77206.9,1.5,2.7%,1
890,110.5478887223,-7.3761934509,648.086,85.794,76271.2,86.523,77293.4,7.4,13.1%,1
891,110.5482896412,-7.3755288994,647.017,85.794,76357,85.801,77379.2,0.7,1.2%,1
892,110.5486905589,-7.3748643474,645.019,85.794,76442.8,85.818,77465,1.3,2.3%,1
893,110.5490914755,-7.3741997951,631.166,85.794,76528.6,86.906,77551.9,9.2,16.1%,1
894,110.5494923908,-7.3735352424,618.782,85.794,76614.4,86.683,77638.6,8.2,14.4%,1
895,110.5498933049,-7.3728706893,613.235,85.794,76700.1,85.973,77724.6,3.7,6.5%,1
896,110.5502942178,-7.3722061359,610.055,85.794,76785.9,85.853,77810.4,2.1,3.7%,1
897,110.5506951296,-7.3715415820,609.784,85.794,76871.7,85.795,77896.2,0.2,0.3%,1
898,110.5510960401,-7.3708770278,607.666,85.794,76957.5,85.82,77982.1,1.4,2.5%,1
899,110.5514969495,-7.3702124732,605.909,85.794,77043.3,85.812,78067.9,1.2,2.0%,1
900,110.5518978576,-7.3695479183,603.063,85.794,77129.1,85.842,78153.7,1.9,3.3%,1
901,110.5522987646,-7.3688833629,599.966,85.794,77214.9,85.85,78239.6,2.1,3.6%,1
902,110.5526996703,-7.3682188072,601.046,85.794,77300.7,85.801,78325.4,0.7,1.3%,1
903,110.5531005749,-7.3675542511,612.893,85.794,77386.5,86.608,78412,7.9,13.8%,1
904,110.5535014783,-7.3668896946,617.459,85.794,77472.3,85.916,78497.9,3.0,5.3%,1
905,110.5539023804,-7.3662251377,609.883,85.794,77558.1,86.128,78584,5.0,8.8%,1
906,110.5543032814,-7.3655605805,608.993,85.794,77643.9,85.799,78669.8,0.6,1.0%,1
907,110.5547041812,-7.3648960229,609.691,85.794,77729.7,85.797,78755.6,0.5,0.8%,1
908,110.5551050798,-7.3642314648,610.912,85.794,77815.5,85.803,78841.4,0.8,1.4%,1
909,110.5555059772,-7.3635669065,608.169,85.794,77901.3,85.838,78927.2,1.8,3.2%,1
910,110.5559068734,-7.3629023477,610.039,85.794,77987.1,85.815,79013.1,1.2,2.2%,1
911,110.5563077684,-7.3622377886,616.157,85.794,78072.9,86.012,79099.1,4.1,7.1%,1
912,110.5567086622,-7.3615732291,617.512,85.794,78158.7,85.805,79184.9,0.9,1.6%,1
913,110.5571095549,-7.3609086692,608.436,85.794,78244.4,86.273,79271.2,6.0,10.6%,1
914,110.5575104463,-7.3602441089,602.995,85.794,78330.2,85.967,79357.1,3.6,6.3%,1
915,110.5579113365,-7.3595795482,600.519,85.794,78416,85.83,79442.9,1.7,2.9%,1
916,110.5583122256,-7.3589149872,595.496,85.794,78501.8,85.941,79528.9,3.4,5.9%,1
917,110.5587131134,-7.3582504258,595.161,85.794,78587.6,85.795,79614.7,0.2,0.4%,1
918,110.5591140001,-7.3575858640,596.939,85.794,78673.4,85.813,79700.5,1.2,2.1%,1
919,110.5595148855,-7.3569213019,597.004,85.794,78759.2,85.794,79786.3,0.0,0.1%,1
920,110.5599157698,-7.3562567393,597.456,85.794,78845,85.796,79872.1,0.3,0.5%,1
921,110.5603166529,-7.3555921764,601.259,85.794,78930.8,85.879,79958,2.5,4.4%,1
922,110.5607175348,-7.3549276131,608.256,85.794,79016.6,86.079,80044,4.7,8.2%,1
923,110.5611184155,-7.3542630494,618.682,85.794,79102.4,86.425,80130.5,6.9,12.2%,1
924,110.5615192950,-7.3535984854,624.603,85.794,79188.2,85.998,80216.5,3.9,6.9%,1
925,110.5619201733,-7.3529339209,629.975,85.794,79274,85.962,80302.4,3.6,6.3%,1
926,110.5623210504,-7.3522693561,635.375,85.794,79359.8,85.964,80388.4,3.6,6.3%,1
927,110.5627219263,-7.3516047909,635.379,85.794,79445.6,85.794,80474.2,0.0,0.0%,1
928,110.5631228011,-7.3509402254,629.95,85.794,79531.4,85.966,80560.2,3.6,6.3%,1
929,110.5635236746,-7.3502756594,623.614,85.794,79617.2,86.028,80646.2,4.2,7.4%,1
930,110.5639245470,-7.3496110931,614.328,85.794,79703,86.295,80732.5,6.2,10.8%,1
931,110.5643254181,-7.3489465264,608.819,85.794,79788.7,85.971,80818.5,3.7,6.4%,1
932,110.5647262881,-7.3482819593,603.552,85.794,79874.5,85.956,80904.4,3.5,6.1%,1
933,110.5651271569,-7.3476173919,606.591,85.794,79960.3,85.848,80990.3,2.0,3.5%,1
934,110.5655280245,-7.3469528240,602.204,85.794,80046.1,85.906,81076.2,2.9,5.1%,1
935,110.5659288908,-7.3462882558,590.248,85.794,80131.9,86.623,81162.8,7.9,13.9%,1
936,110.5663297561,-7.3456236872,579.981,85.794,80217.7,86.407,81249.2,6.8,12.0%,1
937,110.5667306201,-7.3449591182,572.985,85.794,80303.5,86.079,81335.3,4.7,8.2%,1
938,110.5671314829,-7.3442945489,565.611,85.794,80389.3,86.111,81421.4,4.9,8.6%,1
939,110.5675323445,-7.3436299792,561.843,85.794,80475.1,85.877,81507.3,2.5,4.4%,1
940,110.5679332050,-7.3429654091,560.622,85.794,80560.9,85.803,81593.1,0.8,1.4%,1
941,110.5683340642,-7.3423008386,559.282,85.794,80646.7,85.805,81678.9,0.9,1.6%,1
942,110.5687349223,-7.3416362677,561.109,85.794,80732.5,85.814,81764.7,1.2,2.1%,1
943,110.5691357791,-7.3409716965,562.665,85.794,80818.3,85.808,81850.5,1.0,1.8%,1
944,110.5695366348,-7.3403071249,555.934,85.794,80904.1,86.058,81936.5,4.5,7.8%,1
945,110.5699374893,-7.3396425529,553.871,85.794,80989.9,85.819,82022.4,1.4,2.4%,1
946,110.5703383426,-7.3389779806,553.757,85.794,81075.7,85.794,82108.2,0.1,0.1%,1
947,110.5707391947,-7.3383134078,556.154,85.794,81161.5,85.828,82194,1.6,2.8%,1
948,110.5711400456,-7.3376488347,550.536,85.794,81247.3,85.978,82280,3.7,6.5%,1
949,110.5715408954,-7.3369842612,554.958,85.794,81333,85.908,82365.9,3.0,5.2%,1
950,110.5719417439,-7.3363196873,561.748,85.794,81418.8,86.063,82451.9,4.5,7.9%,1
951,110.5723425913,-7.3356551131,561.203,85.794,81504.6,85.796,82537.7,0.4,0.6%,1
952,110.5727434374,-7.3349905384,543.307,85.794,81590.4,87.641,82625.4,11.8,20.9%,1
953,110.5731442824,-7.3343259634,539.216,85.794,81676.2,85.892,82711.3,2.7,4.8%,1
954,110.5735451262,-7.3336613881,541.106,85.794,81762,85.815,82797.1,1.3,2.2%,1
955,110.5739459688,-7.3329968123,540.808,85.794,81847.8,85.795,82882.9,0.2,0.3%,1
956,110.5743468102,-7.3323322362,546.51,85.794,81933.6,85.984,82968.9,3.8,6.6%,1
957,110.5747476504,-7.3316676597,551.901,85.794,82019.4,85.964,83054.8,3.6,6.3%,1
958,110.5751484894,-7.3310030828,548.292,85.794,82105.2,85.87,83140.7,2.4,4.2%,1
959,110.5755493273,-7.3303385055,547.545,85.794,82191,85.798,83226.5,0.5,0.9%,1
960,110.5759501639,-7.3296739279,552.594,85.794,82276.8,85.943,83312.4,3.4,5.9%,1
961,110.5763509994,-7.3290093498,558.563,85.794,82362.6,86.002,83398.4,4.0,7.0%,1
962,110.5767518337,-7.3283447714,565.531,85.794,82448.4,86.077,83484.5,4.6,8.1%,1
963,110.5771526668,-7.3276801927,573.555,85.794,82534.2,86.169,83570.7,5.3,9.4%,1
964,110.5775534987,-7.3270156135,574.989,85.794,82620,85.806,83656.5,1.0,1.7%,1
965,110.5779543294,-7.3263510340,580.674,85.794,82705.8,85.982,83742.5,3.8,6.6%,1
966,110.5783551589,-7.3256864541,581.414,85.794,82791.5,85.798,83828.3,0.5,0.9%,1
967,110.5787559872,-7.3250218738,572.593,85.794,82877.3,86.247,83914.5,5.9,10.3%,1
968,110.5791568144,-7.3243572932,565.337,85.794,82963.1,86.101,84000.6,4.8,8.5%,1
969,110.5795576403,-7.3236927121,550.133,85.794,83048.9,87.131,84087.7,10.0,17.7%,1
970,110.5799584651,-7.3230281307,531.341,85.794,83134.7,87.828,84175.6,12.4,21.9%,1
971,110.5803592887,-7.3223635489,514.976,85.794,83220.5,87.341,84262.9,10.8,19.1%,1
972,110.5807601111,-7.3216989668,493.868,85.794,83306.3,88.353,84351.3,13.8,24.6%,1
973,110.5811609323,-7.3210343842,478.672,85.794,83392.1,87.13,84438.4,10.0,17.7%,1
974,110.5815617524,-7.3203698013,471.461,85.794,83477.9,86.097,84524.5,4.8,8.4%,1
975,110.5819625712,-7.3197052180,450.771,85.794,83563.7,88.254,84612.7,13.6,24.1%,1
976,110.5823633888,-7.3190406344,446.396,85.794,83649.5,85.906,84698.7,2.9,5.1%,1
977,110.5827642053,-7.3183760503,440.705,85.794,83735.3,85.983,84784.6,3.8,6.6%,1
978,110.5831650206,-7.3177114659,431.972,85.794,83821.1,86.238,84870.9,5.8,10.2%,1
979,110.5835658347,-7.3170468811,423.78,85.794,83906.9,86.185,84957.1,5.5,9.5%,1
980,110.5839666476,-7.3163822959,423.786,85.794,83992.7,85.794,85042.9,0.0,0.0%,1
981,110.5843674593,-7.3157177104,418.312,85.794,84078.5,85.969,85128.8,3.7,6.4%,1
982,110.5847682699,-7.3150531245,416.454,85.794,84164.3,85.814,85214.6,1.2,2.2%,1
983,110.5851690792,-7.3143885382,404.089,85.794,84250.1,86.681,85301.3,8.2,14.4%,1
984,110.5855698874,-7.3137239515,398.676,85.794,84335.8,85.965,85387.3,3.6,6.3%,1
985,110.5859706944,-7.3130593644,407.449,85.794,84421.6,86.242,85473.5,5.8,10.2%,1
986,110.5863715002,-7.3123947770,411.282,85.794,84507.4,85.88,85559.4,2.6,4.5%,1
987,110.5867723048,-7.3117301892,406.621,85.794,84593.2,85.921,85645.3,3.1,5.4%,1
988,110.5871731082,-7.3110656010,392.371,85.794,84679,86.97,85732.3,9.4,16.6%,1
989,110.5875739104,-7.3104010125,386.33,85.794,84764.8,86.007,85818.3,4.0,7.0%,1
990,110.5879747115,-7.3097364235,389.418,85.794,84850.6,85.85,85904.2,2.1,3.6%,1
991,110.5883755114,-7.3090718342,381.6,85.794,84936.4,86.15,85990.3,5.2,9.1%,1
992,110.5887763101,-7.3084072445,385.955,85.794,85022.2,85.905,86076.2,2.9,5.1%,1
993,110.5891771076,-7.3077426545,401.008,85.794,85108,87.105,86163.3,10.0,17.5%,1
994,110.5895779039,-7.3070780641,412.002,85.794,85193.8,86.496,86249.8,7.3,12.8%,1
995,110.5899786990,-7.3064134732,403.419,85.794,85279.6,86.223,86336,5.7,10.0%,1
996,110.5903794930,-7.3057488821,392.546,85.794,85365.4,86.481,86422.5,7.2,12.7%,1
997,110.5907802857,-7.3050842905,399.659,85.794,85451.2,86.089,86508.6,4.7,8.3%,1
998,110.5911810773,-7.3044196986,408.697,85.794,85537,86.269,86594.9,6.0,10.5%,1
999,110.5915818677,-7.3037551063,416.121,85.794,85622.8,86.115,86681,4.9,8.7%,1
1000,110.5919826569,-7.3030905136,420.18,85.794,85708.6,85.89,86766.9,2.7,4.7%,1
1001,110.5923834449,-7.3024259205,416.257,85.794,85794.4,85.884,86852.8,2.6,4.6%,1
1002,110.5927842318,-7.3017613271,404.209,85.794,85880.1,86.636,86939.4,8.0,14.0%,1
1003,110.5931850174,-7.3010967333,393.563,85.794,85965.9,86.452,87025.8,7.1,12.4%,1
1004,110.5935858019,-7.3004321391,378.981,85.794,86051.7,87.025,87112.9,9.6,17.0%,1
1005,110.5939865852,-7.2997675445,358.875,85.794,86137.5,88.119,87201,13.2,23.4%,1
1006,110.5943873673,-7.2991029496,345.387,85.794,86223.3,86.848,87287.8,8.9,15.7%,1
1007,110.5947881482,-7.2984383543,343.859,85.794,86309.1,85.808,87373.6,1.0,1.8%,1
1008,110.5951889280,-7.2977737586,331.931,85.794,86394.9,86.62,87460.3,7.9,13.9%,1
1009,110.5955897066,-7.2971091625,323.752,85.794,86480.7,86.183,87546.4,5.4,9.5%,1
1010,110.5959904839,-7.2964445661,325.746,85.794,86566.5,85.818,87632.3,1.3,2.3%,1
1011,110.5963912601,-7.2957799693,323.643,85.794,86652.3,85.82,87718.1,1.4,2.5%,1
1012,110.5967920351,-7.2951153721,309.438,85.794,86738.1,86.962,87805,9.4,16.6%,1
1013,110.5971928090,-7.2944507745,293.747,85.794,86823.9,87.217,87892.3,10.4,18.3%,1
1014,110.5975935816,-7.2937861766,280.963,85.794,86909.7,86.742,87979,8.5,14.9%,1
1015,110.5979943531,-7.2931215783,273.881,85.794,86995.5,86.086,88065.1,4.7,8.3%,1
1016,110.5983951234,-7.2924569796,268.623,85.794,87081.3,85.955,88151,3.5,6.1%,1
1017,110.5987958925,-7.2917923805,266.301,85.794,87167.1,85.826,88236.9,1.6,2.7%,1
1018,110.5991966604,-7.2911277811,271.042,85.794,87252.9,85.925,88322.8,3.2,5.5%,1
1019,110.5995974272,-7.2904631813,272.899,85.794,87338.6,85.814,88408.6,1.2,2.2%,1
1020,110.5998875796,-7.2899820142,270.352,62.115,87400.8,62.167,88470.8,2.3,4.1%,2
1021,110.5998123845,-7.2901825360,271.119,23.68,87424.4,23.692,88494.5,1.9,3.2%,2
1022,110.5995399428,-7.2909090507,272.75,85.794,87510.2,85.81,88580.3,1.1,1.9%,2
1023,110.5992675002,-7.2916355652,268.767,85.794,87596,85.887,88666.2,2.7,4.6%,2
1024,110.5989950567,-7.2923620795,269.389,85.794,87681.8,85.797,88752,0.4,0.7%,2
1025,110.5987226165,-7.2930885825,275.86,85.793,87767.6,86.037,88838,4.3,7.5%,2
